DexNumber,Pokemon,MovesId,Moves,Level,Order
1,Bulbasaur,33,Tackle,1,
1,Bulbasaur,22,VineWhip,9,
1,Bulbasaur,36,TakeDown,15,
1,Bulbasaur,75,RazorLeaf,19,
1,Bulbasaur,38,DoubleEdge,27,
2,Ivysaur,33,Tackle,1,1
2,Ivysaur,22,VineWhip,9,
2,Ivysaur,36,TakeDown,15,
2,Ivysaur,75,RazorLeaf,20,
2,Ivysaur,38,DoubleEdge,31,
2,Ivysaur,76,SolarBeam,44,
3,Venusaur,33,Tackle,1,1
3,Venusaur,22,VineWhip,1,4
3,Venusaur,22,VineWhip,9,
3,Venusaur,36,TakeDown,15,
3,Venusaur,75,RazorLeaf,20,
3,Venusaur,38,DoubleEdge,31,
3,Venusaur,76,SolarBeam,53,
4,Charmander,10,Scratch,1,1
4,Charmander,52,Ember,7,
4,Charmander,82,DragonRage,16,
4,Charmander,424,FireFang,25,
4,Charmander,163,Slash,34,
4,Charmander,53,Flamethrower,37,
4,Charmander,517,Inferno,46,
5,Charmeleon,10,Scratch,1,1
5,Charmeleon,52,Ember,1,3
5,Charmeleon,52,Ember,7,
5,Charmeleon,82,DragonRage,17,
5,Charmeleon,424,FireFang,28,
5,Charmeleon,163,Slash,39,
5,Charmeleon,53,Flamethrower,43,
5,Charmeleon,517,Inferno,54,
6,Charizard,337,DragonClaw,1,3
6,Charizard,403,AirSlash,1,5
6,Charizard,10,Scratch,1,6
6,Charizard,52,Ember,1,8
6,Charizard,52,Ember,7,
6,Charizard,82,DragonRage,17,
6,Charizard,424,FireFang,28,
6,Charizard,17,WingAttack,36,
6,Charizard,163,Slash,41,
6,Charizard,53,Flamethrower,47,
6,Charizard,517,Inferno,62,
7,Squirtle,33,Tackle,1,
7,Squirtle,55,WaterGun,7,
7,Squirtle,145,Bubble,13,
7,Squirtle,44,Bite,16,
7,Squirtle,352,WaterPulse,25,
7,Squirtle,401,AquaTail,28,
7,Squirtle,56,HydroPump,40,
8,Wartortle,33,Tackle,1,1
8,Wartortle,55,WaterGun,1,3
8,Wartortle,55,WaterGun,7,
8,Wartortle,145,Bubble,13,
8,Wartortle,44,Bite,16,
8,Wartortle,352,WaterPulse,28,
8,Wartortle,401,AquaTail,32,
8,Wartortle,56,HydroPump,48,
9,Blastoise,430,FlashCannon,1,1
9,Blastoise,33,Tackle,1,2
9,Blastoise,55,WaterGun,1,4
9,Blastoise,55,WaterGun,7,
9,Blastoise,145,Bubble,13,
9,Blastoise,44,Bite,16,
9,Blastoise,352,WaterPulse,28,
9,Blastoise,401,AquaTail,32,
9,Blastoise,56,HydroPump,60,
10,Caterpie,33,Tackle,1,1
10,Caterpie,450,BugBite,15,
12,Butterfree,93,Confusion,1,
12,Butterfree,93,Confusion,10,
12,Butterfree,16,Gust,16,
12,Butterfree,60,Psybeam,24,
12,Butterfree,405,BugBuzz,42,
13,Weedle,40,PoisonSting,1,1
13,Weedle,450,BugBite,15,
15,Beedrill,31,FuryAttack,1,
15,Beedrill,31,FuryAttack,10,
15,Beedrill,228,Pursuit,22,
15,Beedrill,398,PoisonJab,37,
16,Pidgey,33,Tackle,1,
16,Pidgey,16,Gust,9,
16,Pidgey,98,QuickAttack,13,
16,Pidgey,239,Twister,21,
16,Pidgey,17,WingAttack,33,
16,Pidgey,403,AirSlash,49,
17,Pidgeotto,33,Tackle,1,1
17,Pidgeotto,16,Gust,1,3
17,Pidgeotto,16,Gust,9,
17,Pidgeotto,98,QuickAttack,13,
17,Pidgeotto,239,Twister,22,
17,Pidgeotto,17,WingAttack,37,
17,Pidgeotto,403,AirSlash,57,
18,Pidgeot,33,Tackle,1,2
18,Pidgeot,16,Gust,1,4
18,Pidgeot,98,QuickAttack,1,5
18,Pidgeot,16,Gust,9,
18,Pidgeot,98,QuickAttack,13,
18,Pidgeot,239,Twister,22,
18,Pidgeot,17,WingAttack,38,
18,Pidgeot,403,AirSlash,62,
19,Rattata,33,Tackle,1,1
19,Rattata,98,QuickAttack,4,
19,Rattata,44,Bite,10,
19,Rattata,228,Pursuit,13,
19,Rattata,389,SuckerPunch,19,
19,Rattata,242,Crunch,22,
19,Rattata,38,DoubleEdge,31,
20,Raticate,33,Tackle,1,2
20,Raticate,98,QuickAttack,1,4
20,Raticate,98,QuickAttack,4,
20,Raticate,44,Bite,10,
20,Raticate,228,Pursuit,13,
20,Raticate,389,SuckerPunch,19,
20,Raticate,242,Crunch,24,
20,Raticate,38,DoubleEdge,39,
21,Spearow,64,Peck,1,1
21,Spearow,31,FuryAttack,9,
21,Spearow,228,Pursuit,13,
22,Fearow,64,Peck,1,3
22,Fearow,31,FuryAttack,1,6
22,Fearow,31,FuryAttack,9,
22,Fearow,228,Pursuit,13,
23,Ekans,40,PoisonSting,4,
23,Ekans,44,Bite,9,
23,Ekans,51,Acid,20,
23,Ekans,426,MudBomb,33,
24,Arbok,423,IceFang,1,1
24,Arbok,422,ThunderFang,1,2
24,Arbok,424,FireFang,1,3
24,Arbok,40,PoisonSting,1,6
24,Arbok,44,Bite,1,7
24,Arbok,40,PoisonSting,4,
24,Arbok,44,Bite,9,
24,Arbok,51,Acid,20,
24,Arbok,242,Crunch,22,
24,Arbok,426,MudBomb,39,
25,Pikachu,84,ThunderShock,1,2
25,Pikachu,98,QuickAttack,10,
25,Pikachu,486,ElectroBall,18,
25,Pikachu,85,Thunderbolt,29,
25,Pikachu,435,Discharge,42,
25,Pikachu,87,Thunder,50,
26,Raichu,84,ThunderShock,1,1
26,Raichu,98,QuickAttack,1,3
26,Raichu,85,Thunderbolt,1,4
27,Sandshrew,10,Scratch,1,1
27,Sandshrew,40,PoisonSting,5,
27,Sandshrew,205,Rollout,7,
27,Sandshrew,129,Swift,11,
27,Sandshrew,210,FuryCutter,14,
27,Sandshrew,154,FurySwipes,20,
27,Sandshrew,328,SandTomb,23,
27,Sandshrew,163,Slash,26,
27,Sandshrew,360,GyroBall,34,
27,Sandshrew,89,Earthquake,46,
28,Sandslash,10,Scratch,1,1
28,Sandslash,40,PoisonSting,1,4
28,Sandslash,40,PoisonSting,5,
28,Sandslash,205,Rollout,7,
28,Sandslash,129,Swift,11,
28,Sandslash,210,FuryCutter,14,
28,Sandslash,154,FurySwipes,20,
28,Sandslash,328,SandTomb,23,
28,Sandslash,163,Slash,26,
28,Sandslash,360,GyroBall,34,
28,Sandslash,89,Earthquake,46,
29,NidoranF,10,Scratch,1,2
29,NidoranF,24,DoubleKick,9,
29,NidoranF,40,PoisonSting,13,
29,NidoranF,154,FurySwipes,19,
29,NidoranF,44,Bite,21,
29,NidoranF,242,Crunch,37,
30,Nidorina,10,Scratch,1,2
30,Nidorina,24,DoubleKick,9,
30,Nidorina,40,PoisonSting,13,
30,Nidorina,154,FurySwipes,20,
30,Nidorina,44,Bite,23,
30,Nidorina,242,Crunch,43,
31,Nidoqueen,276,Superpower,1,1
31,Nidoqueen,10,Scratch,1,2
31,Nidoqueen,24,DoubleKick,1,4
31,Nidoqueen,40,PoisonSting,1,5
31,Nidoqueen,414,EarthPower,43,
31,Nidoqueen,276,Superpower,58,
32,NidoranM,64,Peck,1,2
32,NidoranM,24,DoubleKick,9,
32,NidoranM,40,PoisonSting,13,
32,NidoranM,31,FuryAttack,19,
32,NidoranM,398,PoisonJab,37,
33,Nidorino,64,Peck,1,2
33,Nidorino,24,DoubleKick,9,
33,Nidorino,40,PoisonSting,13,
33,Nidorino,31,FuryAttack,20,
33,Nidorino,398,PoisonJab,43,
34,Nidoking,64,Peck,1,2
34,Nidoking,24,DoubleKick,1,4
34,Nidoking,40,PoisonSting,1,5
34,Nidoking,414,EarthPower,43,
35,Clefairy,1,Pound,1,4
35,Clefairy,358,WakeUpSlap,22,
35,Clefairy,585,Moonblast,46,
37,Vulpix,52,Ember,1,
37,Vulpix,98,QuickAttack,10,
37,Vulpix,185,FeintAttack,20,
37,Vulpix,506,Hex,28,
37,Vulpix,53,Flamethrower,34,
37,Vulpix,326,Extrasensory,39,
37,Vulpix,126,FireBlast,42,
37,Vulpix,517,Inferno,50,
38,Ninetales,53,Flamethrower,1,3
38,Ninetales,98,QuickAttack,1,4
39,Jigglypuff,1,Pound,7,
39,Jigglypuff,205,Rollout,21,
39,Jigglypuff,360,GyroBall,37,
39,Jigglypuff,358,WakeUpSlap,41,
39,Jigglypuff,38,DoubleEdge,53,
40,Wigglytuff,38,DoubleEdge,1,1
40,Wigglytuff,583,PlayRough,1,2
41,Zubat,141,LeechLife,1,
41,Zubat,310,Astonish,8,
41,Zubat,44,Bite,12,
41,Zubat,17,WingAttack,15,
41,Zubat,129,Swift,23,
41,Zubat,512,Acrobatics,30,
41,Zubat,403,AirSlash,45,
42,Golbat,141,LeechLife,1,2
42,Golbat,310,Astonish,1,4
42,Golbat,310,Astonish,8,
42,Golbat,44,Bite,12,
42,Golbat,17,WingAttack,15,
42,Golbat,129,Swift,24,
42,Golbat,512,Acrobatics,33,
42,Golbat,403,AirSlash,52,
43,Oddish,71,Absorb,1,
43,Oddish,51,Acid,9,
43,Oddish,72,MegaDrain,21,
43,Oddish,202,GigaDrain,37,
44,Gloom,71,Absorb,1,1
44,Gloom,51,Acid,1,3
44,Gloom,51,Acid,9,
44,Gloom,72,MegaDrain,23,
44,Gloom,202,GigaDrain,47,
45,Vileplume,72,MegaDrain,1,1
45,Vileplume,76,SolarBeam,65,
46,Paras,10,Scratch,1,
46,Paras,141,LeechLife,11,
46,Paras,210,FuryCutter,17,
46,Paras,163,Slash,27,
46,Paras,202,GigaDrain,38,
46,Paras,404,XScissor,54,
47,Parasect,10,Scratch,1,2
47,Parasect,141,LeechLife,1,5
47,Parasect,141,LeechLife,11,
47,Parasect,210,FuryCutter,17,
47,Parasect,163,Slash,29,
47,Parasect,202,GigaDrain,44,
47,Parasect,404,XScissor,66,
48,Venonat,33,Tackle,1,1
48,Venonat,93,Confusion,11,
48,Venonat,141,LeechLife,17,
48,Venonat,60,Psybeam,25,
48,Venonat,324,SignalBeam,35,
48,Venonat,428,ZenHeadbutt,37,
48,Venonat,94,Psychic,47,
49,Venomoth,405,BugBuzz,1,2
49,Venomoth,33,Tackle,1,4
49,Venomoth,93,Confusion,11,
49,Venomoth,141,LeechLife,17,
49,Venomoth,60,Psybeam,25,
49,Venomoth,16,Gust,31,
49,Venomoth,324,SignalBeam,37,
49,Venomoth,428,ZenHeadbutt,41,
49,Venomoth,94,Psychic,55,
49,Venomoth,405,BugBuzz,59,
50,Diglett,10,Scratch,1,1
50,Diglett,310,Astonish,7,
50,Diglett,189,MudSlap,12,
50,Diglett,389,SuckerPunch,23,
50,Diglett,426,MudBomb,26,
50,Diglett,414,EarthPower,29,
50,Diglett,163,Slash,37,
50,Diglett,89,Earthquake,40,
51,Dugtrio,400,NightSlash,1,2
51,Dugtrio,10,Scratch,1,4
51,Dugtrio,310,Astonish,7,
51,Dugtrio,189,MudSlap,12,
51,Dugtrio,389,SuckerPunch,23,
51,Dugtrio,328,SandTomb,26,
51,Dugtrio,426,MudBomb,28,
51,Dugtrio,414,EarthPower,33,
51,Dugtrio,163,Slash,45,
51,Dugtrio,89,Earthquake,50,
52,Meowth,10,Scratch,1,1
52,Meowth,44,Bite,6,
52,Meowth,154,FurySwipes,14,
52,Meowth,185,FeintAttack,22,
52,Meowth,163,Slash,33,
52,Meowth,400,NightSlash,49,
53,Persian,583,PlayRough,1,1
53,Persian,10,Scratch,1,3
53,Persian,44,Bite,1,5
53,Persian,44,Bite,6,
53,Persian,154,FurySwipes,14,
53,Persian,185,FeintAttack,22,
53,Persian,129,Swift,28,
53,Persian,408,PowerGem,32,
53,Persian,163,Slash,37,
53,Persian,400,NightSlash,61,
54,Psyduck,10,Scratch,1,2
54,Psyduck,55,WaterGun,8,
54,Psyduck,93,Confusion,15,
54,Psyduck,352,WaterPulse,18,
54,Psyduck,154,FurySwipes,22,
54,Psyduck,428,ZenHeadbutt,29,
54,Psyduck,401,AquaTail,32,
54,Psyduck,56,HydroPump,46,
55,Golduck,10,Scratch,1,3
55,Golduck,55,WaterGun,1,5
55,Golduck,55,WaterGun,8,
55,Golduck,93,Confusion,15,
55,Golduck,352,WaterPulse,18,
55,Golduck,154,FurySwipes,22,
55,Golduck,428,ZenHeadbutt,29,
55,Golduck,401,AquaTail,32,
55,Golduck,56,HydroPump,54,
56,Mankey,10,Scratch,1,2
56,Mankey,67,LowKick,1,3
56,Mankey,154,FurySwipes,9,
56,Mankey,370,CloseCombat,49,
57,Primeape,10,Scratch,1,3
57,Primeape,67,LowKick,1,4
57,Primeape,154,FurySwipes,9,
57,Primeape,370,CloseCombat,59,
58,Growlithe,44,Bite,1,1
58,Growlithe,52,Ember,6,
58,Growlithe,424,FireFang,21,
58,Growlithe,36,TakeDown,23,
58,Growlithe,53,Flamethrower,34,
58,Growlithe,242,Crunch,39,
58,Growlithe,200,Outrage,43,
59,Arcanine,422,ThunderFang,1,1
59,Arcanine,44,Bite,1,2
59,Arcanine,424,FireFang,1,5
60,Poliwag,55,WaterGun,5,
60,Poliwag,145,Bubble,11,
60,Poliwag,61,BubbleBeam,25,
60,Poliwag,341,MudShot,28,
60,Poliwag,358,WakeUpSlap,35,
60,Poliwag,56,HydroPump,38,
60,Poliwag,426,MudBomb,41,
61,Poliwhirl,55,WaterGun,1,2
61,Poliwhirl,55,WaterGun,5,
61,Poliwhirl,145,Bubble,11,
61,Poliwhirl,61,BubbleBeam,27,
61,Poliwhirl,341,MudShot,32,
61,Poliwhirl,358,WakeUpSlap,43,
61,Poliwhirl,56,HydroPump,48,
61,Poliwhirl,426,MudBomb,53,
62,Poliwrath,61,BubbleBeam,1,2
64,Kadabra,93,Confusion,1,3
64,Kadabra,93,Confusion,16,
64,Kadabra,60,Psybeam,28,
64,Kadabra,94,Psychic,46,
65,Alakazam,93,Confusion,1,3
65,Alakazam,93,Confusion,16,
65,Alakazam,60,Psybeam,28,
65,Alakazam,94,Psychic,46,
66,Machop,67,LowKick,1,1
66,Machop,279,Revenge,25,
66,Machop,358,WakeUpSlap,37,
67,Machoke,67,LowKick,1,1
67,Machoke,279,Revenge,25,
67,Machoke,358,WakeUpSlap,40,
68,Machamp,67,LowKick,1,2
68,Machamp,279,Revenge,25,
68,Machamp,358,WakeUpSlap,40,
69,Bellsprout,22,VineWhip,1,
69,Bellsprout,51,Acid,23,
69,Bellsprout,75,RazorLeaf,39,
70,Weepinbell,22,VineWhip,1,1
70,Weepinbell,51,Acid,23,
70,Weepinbell,75,RazorLeaf,39,
71,Victreebel,22,VineWhip,1,4
71,Victreebel,75,RazorLeaf,1,7
71,Victreebel,437,LeafStorm,47,1
72,Tentacool,40,PoisonSting,1,
72,Tentacool,51,Acid,12,
72,Tentacool,61,BubbleBeam,19,
72,Tentacool,352,WaterPulse,33,
72,Tentacool,398,PoisonJab,36,
72,Tentacool,506,Hex,43,
72,Tentacool,56,HydroPump,47,
73,Tentacruel,40,PoisonSting,1,3
73,Tentacruel,51,Acid,12,
73,Tentacruel,61,BubbleBeam,19,
73,Tentacruel,352,WaterPulse,34,
73,Tentacruel,398,PoisonJab,38,
73,Tentacruel,506,Hex,47,
73,Tentacruel,56,HydroPump,52,
74,Geodude,33,Tackle,1,1
74,Geodude,205,Rollout,11,
74,Geodude,88,RockThrow,18,
74,Geodude,350,RockBlast,22,
74,Geodude,89,Earthquake,39,
74,Geodude,153,Explosion,43,
74,Geodude,38,DoubleEdge,46,
74,Geodude,444,StoneEdge,50,
75,Graveler,33,Tackle,1,1
75,Graveler,205,Rollout,11,
75,Graveler,88,RockThrow,18,
75,Graveler,350,RockBlast,22,
75,Graveler,89,Earthquake,47,
75,Graveler,153,Explosion,53,
75,Graveler,38,DoubleEdge,58,
75,Graveler,444,StoneEdge,64,
76,Golem,484,HeavySlam,1,1
76,Golem,33,Tackle,1,2
76,Golem,88,RockThrow,18,
76,Golem,350,RockBlast,22,
76,Golem,89,Earthquake,47,
76,Golem,153,Explosion,53,
76,Golem,38,DoubleEdge,58,
76,Golem,444,StoneEdge,64,
76,Golem,484,HeavySlam,69,
77,Ponyta,33,Tackle,1,2
77,Ponyta,52,Ember,9,
77,Ponyta,36,TakeDown,29,
77,Ponyta,517,Inferno,33,
77,Ponyta,126,FireBlast,41,
78,Rapidash,398,PoisonJab,1,1
78,Rapidash,98,QuickAttack,1,4
78,Rapidash,52,Ember,1,6
78,Rapidash,52,Ember,9,
78,Rapidash,36,TakeDown,29,
78,Rapidash,517,Inferno,33,
78,Rapidash,31,FuryAttack,40,
78,Rapidash,126,FireBlast,41,
79,Slowpoke,33,Tackle,1,3
79,Slowpoke,55,WaterGun,9,
79,Slowpoke,93,Confusion,14,
79,Slowpoke,29,Headbutt,23,
79,Slowpoke,352,WaterPulse,28,
79,Slowpoke,428,ZenHeadbutt,32,
79,Slowpoke,94,Psychic,45,
80,Slowbro,33,Tackle,1,4
80,Slowbro,55,WaterGun,9,
80,Slowbro,93,Confusion,14,
80,Slowbro,29,Headbutt,23,
80,Slowbro,352,WaterPulse,28,
80,Slowbro,428,ZenHeadbutt,32,
80,Slowbro,94,Psychic,49,
81,Magnemite,33,Tackle,1,
81,Magnemite,84,ThunderShock,7,
81,Magnemite,209,Spark,21,
81,Magnemite,486,ElectroBall,32,
81,Magnemite,430,FlashCannon,35,
81,Magnemite,435,Discharge,43,
81,Magnemite,360,GyroBall,53,
81,Magnemite,192,ZapCannon,57,
82,Magneton,192,ZapCannon,1,1
82,Magneton,33,Tackle,1,3
82,Magneton,84,ThunderShock,1,5
82,Magneton,84,ThunderShock,7,
82,Magneton,209,Spark,21,
82,Magneton,486,ElectroBall,34,
82,Magneton,430,FlashCannon,39,
82,Magneton,435,Discharge,51,
82,Magneton,360,GyroBall,67,
82,Magneton,192,ZapCannon,73,
83,Farfetch'd,398,PoisonJab,1,2
83,Farfetch'd,64,Peck,1,3
83,Farfetch'd,210,FuryCutter,1,6
83,Farfetch'd,31,FuryAttack,7,
83,Farfetch'd,163,Slash,19,
83,Farfetch'd,400,NightSlash,33,
83,Farfetch'd,512,Acrobatics,37,
83,Farfetch'd,403,AirSlash,49,
84,Doduo,64,Peck,1,1
84,Doduo,98,QuickAttack,5,
84,Doduo,31,FuryAttack,14,
84,Doduo,228,Pursuit,19,
85,Dodrio,64,Peck,1,2
85,Dodrio,98,QuickAttack,1,4
85,Dodrio,98,QuickAttack,5,
85,Dodrio,31,FuryAttack,14,
85,Dodrio,228,Pursuit,19,
86,Seel,29,Headbutt,1,
86,Seel,196,IcyWind,11,
86,Seel,420,IceShard,17,
86,Seel,62,AuroraBeam,27,
86,Seel,36,TakeDown,37,
86,Seel,401,AquaTail,43,
86,Seel,58,IceBeam,47,
87,Dewgong,29,Headbutt,1,1
87,Dewgong,324,SignalBeam,1,3
87,Dewgong,196,IcyWind,1,4
87,Dewgong,324,SignalBeam,7,
87,Dewgong,196,IcyWind,11,
87,Dewgong,420,IceShard,17,
87,Dewgong,62,AuroraBeam,27,
87,Dewgong,36,TakeDown,39,
87,Dewgong,401,AquaTail,49,
87,Dewgong,58,IceBeam,55,
88,Grimer,1,Pound,1,1
88,Grimer,189,MudSlap,7,
88,Grimer,426,MudBomb,21,
89,Muk,1,Pound,1,1
89,Muk,189,MudSlap,1,4
89,Muk,189,MudSlap,7,
89,Muk,426,MudBomb,21,
90,Shellder,33,Tackle,1,
90,Shellder,420,IceShard,28,
90,Shellder,62,AuroraBeam,37,
90,Shellder,58,IceBeam,52,
90,Shellder,56,HydroPump,61,
91,Cloyster,56,HydroPump,1,1
91,Cloyster,62,AuroraBeam,1,7
92,Gastly,122,Lick,1,2
92,Gastly,389,SuckerPunch,22,
92,Gastly,247,ShadowBall,29,
92,Gastly,399,DarkPulse,36,
92,Gastly,506,Hex,43,
93,Haunter,122,Lick,1,2
93,Haunter,389,SuckerPunch,22,
93,Haunter,247,ShadowBall,33,
93,Haunter,399,DarkPulse,44,
93,Haunter,506,Hex,55,
94,Gengar,122,Lick,1,2
94,Gengar,389,SuckerPunch,22,
94,Gengar,247,ShadowBall,33,
94,Gengar,399,DarkPulse,44,
94,Gengar,506,Hex,55,
95,Onix,33,Tackle,1,2
95,Onix,88,RockThrow,7,
95,Onix,360,GyroBall,20,
95,Onix,225,DragonBreath,25,
95,Onix,157,RockSlide,34,
95,Onix,328,SandTomb,37,
95,Onix,444,StoneEdge,46,
95,Onix,38,DoubleEdge,49,
96,Drowzee,1,Pound,1,1
96,Drowzee,93,Confusion,9,
96,Drowzee,29,Headbutt,13,
96,Drowzee,60,Psybeam,25,
96,Drowzee,29,Headbutt,29,
96,Drowzee,428,ZenHeadbutt,41,
96,Drowzee,94,Psychic,49,
97,Hypno,1,Pound,1,5
97,Hypno,93,Confusion,1,8
97,Hypno,93,Confusion,9,
97,Hypno,29,Headbutt,13,
97,Hypno,60,Psybeam,25,
97,Hypno,29,Headbutt,29,
97,Hypno,428,ZenHeadbutt,41,
97,Hypno,94,Psychic,49,
98,Krabby,145,Bubble,1,2
98,Krabby,61,BubbleBeam,15,
98,Krabby,341,MudShot,19,
98,Krabby,232,MetalClaw,21,
99,Kingler,145,Bubble,1,3
99,Kingler,61,BubbleBeam,15,
99,Kingler,341,MudShot,19,
99,Kingler,232,MetalClaw,21,
100,Voltorb,33,Tackle,5,
100,Voltorb,209,Spark,12,
100,Voltorb,205,Rollout,15,
100,Voltorb,486,ElectroBall,29,
100,Voltorb,129,Swift,36,
100,Voltorb,360,GyroBall,43,
100,Voltorb,153,Explosion,47,
101,Electrode,33,Tackle,1,3
101,Electrode,209,Spark,1,5
101,Electrode,33,Tackle,5,
101,Electrode,209,Spark,12,
101,Electrode,205,Rollout,15,
101,Electrode,486,ElectroBall,29,
101,Electrode,129,Swift,40,
101,Electrode,360,GyroBall,51,
101,Electrode,153,Explosion,57,
102,Exeggcute,93,Confusion,27,
102,Exeggcute,76,SolarBeam,43,
102,Exeggcute,326,Extrasensory,47,
103,Exeggutor,93,Confusion,1,4
103,Exeggutor,437,LeafStorm,47,
104,Cubone,29,Headbutt,11,
104,Cubone,38,DoubleEdge,43,
105,Marowak,29,Headbutt,1,4
105,Marowak,29,Headbutt,11,
105,Marowak,38,DoubleEdge,53,
106,Hitmonlee,370,CloseCombat,1,2
106,Hitmonlee,279,Revenge,1,4
106,Hitmonlee,24,DoubleKick,1,5
106,Hitmonlee,370,CloseCombat,57,
107,Hitmonchan,370,CloseCombat,1,1
107,Hitmonchan,279,Revenge,1,4
107,Hitmonchan,228,Pursuit,11,
107,Hitmonchan,9,ThunderPunch,36,1
107,Hitmonchan,8,IcePunch,36,2
107,Hitmonchan,7,FirePunch,36,3
107,Hitmonchan,370,CloseCombat,66,
108,Lickitung,122,Lick,1,
108,Lickitung,205,Rollout,33,
109,Koffing,33,Tackle,1,2
109,Koffing,123,Smog,4,
109,Koffing,360,GyroBall,29,
109,Koffing,153,Explosion,37,
110,Weezing,33,Tackle,1,2
110,Weezing,123,Smog,1,3
110,Weezing,123,Smog,4,
110,Weezing,153,Explosion,40,
111,Rhyhorn,31,FuryAttack,12,
111,Rhyhorn,350,RockBlast,23,
111,Rhyhorn,36,TakeDown,41,
111,Rhyhorn,444,StoneEdge,52,
111,Rhyhorn,89,Earthquake,56,
112,Rhydon,31,FuryAttack,1,6
112,Rhydon,31,FuryAttack,12,
112,Rhydon,350,RockBlast,23,
112,Rhydon,36,TakeDown,41,
112,Rhydon,359,HammerArm,42,
112,Rhydon,444,StoneEdge,56,
112,Rhydon,89,Earthquake,62,
113,Chansey,38,DoubleEdge,1,1
113,Chansey,1,Pound,1,3
113,Chansey,36,TakeDown,27,
113,Chansey,38,DoubleEdge,54,
114,Tangela,22,VineWhip,7,
114,Tangela,71,Absorb,10,
114,Tangela,72,MegaDrain,23,
114,Tangela,202,GigaDrain,36,
114,Tangela,246,AncientPower,38,
115,Kangaskhan,44,Bite,13,
115,Kangaskhan,242,Crunch,37,
115,Kangaskhan,200,Outrage,46,
115,Kangaskhan,389,SuckerPunch,49,
116,Horsea,55,WaterGun,1,
116,Horsea,145,Bubble,11,
116,Horsea,61,BubbleBeam,18,
116,Horsea,239,Twister,26,
116,Horsea,56,HydroPump,35,
116,Horsea,406,DragonPulse,42,
117,Seadra,55,WaterGun,1,1
117,Seadra,145,Bubble,1,4
117,Seadra,145,Bubble,11,
117,Seadra,61,BubbleBeam,18,
117,Seadra,239,Twister,26,
117,Seadra,56,HydroPump,40,
117,Seadra,406,DragonPulse,57,
118,Goldeen,64,Peck,1,1
118,Goldeen,352,WaterPulse,17,
118,Goldeen,31,FuryAttack,31,
119,Seaking,398,PoisonJab,1,2
119,Seaking,64,Peck,1,3
119,Seaking,352,WaterPulse,17,
119,Seaking,31,FuryAttack,31,
120,Staryu,33,Tackle,1,1
120,Staryu,55,WaterGun,6,
120,Staryu,129,Swift,18,
120,Staryu,61,BubbleBeam,22,
120,Staryu,360,GyroBall,30,
120,Staryu,408,PowerGem,43,
120,Staryu,56,HydroPump,52,
121,Starmie,56,HydroPump,1,1
121,Starmie,55,WaterGun,1,2
121,Starmie,129,Swift,1,5
122,Mr. Mime,345,MagicalLeaf,1,2
122,Mr. Mime,93,Confusion,1,8
122,Mr. Mime,149,Psywave,15,2
122,Mr. Mime,60,Psybeam,25,
122,Mr. Mime,94,Psychic,39,
123,Scyther,98,QuickAttack,1,2
123,Scyther,228,Pursuit,9,
123,Scyther,17,WingAttack,21,
123,Scyther,210,FuryCutter,25,
123,Scyther,163,Slash,29,
123,Scyther,404,XScissor,41,
123,Scyther,400,NightSlash,45,
123,Scyther,403,AirSlash,50,
124,Jynx,1,Pound,1,3
124,Jynx,122,Lick,1,4
124,Jynx,181,PowderSnow,1,6
124,Jynx,122,Lick,5,
124,Jynx,181,PowderSnow,11,
124,Jynx,8,IcePunch,18,
124,Jynx,358,WakeUpSlap,33,
124,Jynx,59,Blizzard,60,
125,Electabuzz,98,QuickAttack,1,1
125,Electabuzz,84,ThunderShock,1,3
125,Electabuzz,84,ThunderShock,5,
125,Electabuzz,67,LowKick,8,
125,Electabuzz,129,Swift,12,
125,Electabuzz,486,ElectroBall,22,
125,Electabuzz,9,ThunderPunch,29,
125,Electabuzz,435,Discharge,36,
125,Electabuzz,85,Thunderbolt,49,
125,Electabuzz,87,Thunder,55,
126,Magmar,123,Smog,1,1
126,Magmar,52,Ember,1,3
126,Magmar,52,Ember,5,
126,Magmar,185,FeintAttack,12,
126,Magmar,7,FirePunch,29,
126,Magmar,436,LavaPlume,36,
126,Magmar,53,Flamethrower,49,
126,Magmar,126,FireBlast,55,
127,Pinsir,279,Revenge,15,
127,Pinsir,404,XScissor,29,
127,Pinsir,276,Superpower,43,
128,Tauros,33,Tackle,1,
128,Tauros,228,Pursuit,15,
128,Tauros,428,ZenHeadbutt,35,
128,Tauros,36,TakeDown,41,
129,Magikarp,33,Tackle,15,
130,Gyarados,44,Bite,20,
130,Gyarados,82,DragonRage,23,
130,Gyarados,239,Twister,29,
130,Gyarados,423,IceFang,32,
130,Gyarados,401,AquaTail,35,
130,Gyarados,56,HydroPump,41,
130,Gyarados,63,HyperBeam,47,
131,Lapras,55,WaterGun,1,3
131,Lapras,420,IceShard,10,
131,Lapras,352,WaterPulse,14,
131,Lapras,58,IceBeam,32,
131,Lapras,56,HydroPump,47,
133,Eevee,33,Tackle,1,3
133,Eevee,129,Swift,10,
133,Eevee,98,QuickAttack,13,
133,Eevee,44,Bite,17,
133,Eevee,36,TakeDown,25,
133,Eevee,38,DoubleEdge,37,
134,Vaporeon,33,Tackle,1,2
134,Vaporeon,55,WaterGun,9,
134,Vaporeon,98,QuickAttack,13,
134,Vaporeon,352,WaterPulse,17,
134,Vaporeon,62,AuroraBeam,20,
134,Vaporeon,56,HydroPump,45,
135,Jolteon,33,Tackle,1,2
135,Jolteon,84,ThunderShock,9,
135,Jolteon,98,QuickAttack,13,
135,Jolteon,24,DoubleKick,17,
135,Jolteon,422,ThunderFang,20,
135,Jolteon,435,Discharge,37,
135,Jolteon,87,Thunder,45,
136,Flareon,33,Tackle,1,2
136,Flareon,52,Ember,9,
136,Flareon,98,QuickAttack,13,
136,Flareon,44,Bite,17,
136,Flareon,424,FireFang,20,
136,Flareon,123,Smog,33,
136,Flareon,436,LavaPlume,37,
137,Porygon,33,Tackle,1,2
137,Porygon,60,Psybeam,7,
137,Porygon,324,SignalBeam,29,
137,Porygon,435,Discharge,40,
137,Porygon,192,ZapCannon,62,
138,Omanyte,44,Bite,7,
138,Omanyte,55,WaterGun,10,
138,Omanyte,205,Rollout,16,
138,Omanyte,341,MudShot,25,
138,Omanyte,246,AncientPower,37,
138,Omanyte,350,RockBlast,46,
138,Omanyte,56,HydroPump,55,
139,Omastar,56,HydroPump,1,1
139,Omastar,44,Bite,1,4
139,Omastar,44,Bite,7,
139,Omastar,55,WaterGun,10,
139,Omastar,205,Rollout,16,
139,Omastar,341,MudShot,25,
139,Omastar,246,AncientPower,37,
139,Omastar,350,RockBlast,56,
139,Omastar,56,HydroPump,75,
140,Kabuto,10,Scratch,1,1
140,Kabuto,71,Absorb,6,
140,Kabuto,341,MudShot,16,
140,Kabuto,72,MegaDrain,36,
140,Kabuto,246,AncientPower,46,
141,Kabutops,400,NightSlash,1,1
141,Kabutops,10,Scratch,1,3
141,Kabutops,71,Absorb,1,5
141,Kabutops,71,Absorb,6,
141,Kabutops,341,MudShot,16,
141,Kabutops,72,MegaDrain,36,
141,Kabutops,163,Slash,40,
141,Kabutops,246,AncientPower,54,
141,Kabutops,400,NightSlash,72,
142,Aerodactyl,442,IronHead,1,1
142,Aerodactyl,423,IceFang,1,2
142,Aerodactyl,424,FireFang,1,3
142,Aerodactyl,422,ThunderFang,1,4
142,Aerodactyl,17,WingAttack,1,5
142,Aerodactyl,44,Bite,1,7
142,Aerodactyl,246,AncientPower,25,
142,Aerodactyl,242,Crunch,33,
142,Aerodactyl,36,TakeDown,41,
142,Aerodactyl,442,IronHead,57,
142,Aerodactyl,63,HyperBeam,65,
142,Aerodactyl,157,RockSlide,73,
143,Snorlax,33,Tackle,1,
143,Snorlax,122,Lick,12,
143,Snorlax,205,Rollout,36,
143,Snorlax,242,Crunch,49,
143,Snorlax,484,HeavySlam,50,
144,Articuno,16,Gust,1,6
144,Articuno,181,PowderSnow,1,7
144,Articuno,420,IceShard,15,
144,Articuno,246,AncientPower,29,
144,Articuno,58,IceBeam,43,
144,Articuno,59,Blizzard,71,
145,Zapdos,192,ZapCannon,1,2
145,Zapdos,64,Peck,1,4
145,Zapdos,84,ThunderShock,1,5
145,Zapdos,246,AncientPower,29,
145,Zapdos,435,Discharge,50,
145,Zapdos,87,Thunder,78,
145,Zapdos,192,ZapCannon,92,
146,Moltres,17,WingAttack,1,5
146,Moltres,52,Ember,1,6
146,Moltres,246,AncientPower,29,
146,Moltres,53,Flamethrower,36,
146,Moltres,403,AirSlash,50,
146,Moltres,76,SolarBeam,71,
147,Dratini,239,Twister,11,
147,Dratini,82,DragonRage,15,
147,Dratini,525,DragonTail,31,
147,Dratini,401,AquaTail,35,
147,Dratini,407,DragonRush,41,
147,Dratini,200,Outrage,55,
147,Dratini,63,HyperBeam,61,
148,Dragonair,239,Twister,1,4
148,Dragonair,239,Twister,11,
148,Dragonair,82,DragonRage,15,
148,Dragonair,525,DragonTail,33,
148,Dragonair,401,AquaTail,39,
148,Dragonair,407,DragonRush,47,
148,Dragonair,200,Outrage,67,
148,Dragonair,63,HyperBeam,75,
149,Dragonite,7,FirePunch,1,2
149,Dragonite,9,ThunderPunch,1,3
149,Dragonite,239,Twister,1,8
149,Dragonite,239,Twister,11,
149,Dragonite,82,DragonRage,15,
149,Dragonite,525,DragonTail,33,
149,Dragonite,401,AquaTail,39,
149,Dragonite,407,DragonRush,47,
149,Dragonite,17,WingAttack,55,
149,Dragonite,200,Outrage,67,
149,Dragonite,63,HyperBeam,75,
150,Mewtwo,93,Confusion,1,1
150,Mewtwo,129,Swift,8,
150,Mewtwo,94,Psychic,57,
151,Mew,1,Pound,1,1
151,Mew,94,Psychic,30,
151,Mew,246,AncientPower,50,
152,Chikorita,33,Tackle,1,1
152,Chikorita,75,RazorLeaf,6,
152,Chikorita,345,MagicalLeaf,20,
152,Chikorita,76,SolarBeam,45,
153,Bayleef,33,Tackle,1,1
153,Bayleef,75,RazorLeaf,1,3
153,Bayleef,75,RazorLeaf,6,
153,Bayleef,345,MagicalLeaf,22,
153,Bayleef,76,SolarBeam,54,
154,Meganium,33,Tackle,1,2
154,Meganium,75,RazorLeaf,1,4
154,Meganium,75,RazorLeaf,6,
154,Meganium,345,MagicalLeaf,22,
154,Meganium,76,SolarBeam,66,
155,Cyndaquil,33,Tackle,1,1
155,Cyndaquil,52,Ember,10,
155,Cyndaquil,98,QuickAttack,13,
155,Cyndaquil,129,Swift,31,
155,Cyndaquil,436,LavaPlume,37,
155,Cyndaquil,53,Flamethrower,40,
155,Cyndaquil,517,Inferno,46,
155,Cyndaquil,205,Rollout,49,
155,Cyndaquil,38,DoubleEdge,55,
156,Quilava,33,Tackle,1,1
156,Quilava,52,Ember,10,
156,Quilava,98,QuickAttack,13,
156,Quilava,129,Swift,31,
156,Quilava,436,LavaPlume,42,
156,Quilava,53,Flamethrower,46,
156,Quilava,517,Inferno,53,
156,Quilava,205,Rollout,57,
156,Quilava,38,DoubleEdge,64,
157,Typhlosion,38,DoubleEdge,1,2
157,Typhlosion,360,GyroBall,1,3
157,Typhlosion,33,Tackle,1,4
157,Typhlosion,52,Ember,1,7
157,Typhlosion,52,Ember,10,
157,Typhlosion,98,QuickAttack,13,
157,Typhlosion,129,Swift,31,
157,Typhlosion,436,LavaPlume,43,
157,Typhlosion,53,Flamethrower,48,
157,Typhlosion,517,Inferno,56,
157,Typhlosion,205,Rollout,61,
157,Typhlosion,38,DoubleEdge,69,
158,Totodile,10,Scratch,1,1
158,Totodile,55,WaterGun,6,
158,Totodile,44,Bite,13,
158,Totodile,423,IceFang,20,
158,Totodile,242,Crunch,27,
158,Totodile,163,Slash,34,
158,Totodile,401,AquaTail,43,
158,Totodile,276,Superpower,48,
158,Totodile,56,HydroPump,50,
159,Croconaw,10,Scratch,1,1
159,Croconaw,55,WaterGun,1,3
159,Croconaw,55,WaterGun,6,
159,Croconaw,44,Bite,13,
159,Croconaw,423,IceFang,21,
159,Croconaw,242,Crunch,30,
159,Croconaw,163,Slash,39,
159,Croconaw,401,AquaTail,51,
159,Croconaw,276,Superpower,57,
159,Croconaw,56,HydroPump,60,
160,Feraligatr,10,Scratch,1,1
160,Feraligatr,55,WaterGun,1,3
160,Feraligatr,55,WaterGun,6,
160,Feraligatr,44,Bite,13,
160,Feraligatr,423,IceFang,21,
160,Feraligatr,242,Crunch,32,
160,Feraligatr,163,Slash,45,
160,Feraligatr,401,AquaTail,63,
160,Feraligatr,276,Superpower,71,
160,Feraligatr,56,HydroPump,76,
161,Sentret,10,Scratch,1,1
161,Sentret,98,QuickAttack,7,
161,Sentret,154,FurySwipes,13,
161,Sentret,389,SuckerPunch,31,
162,Furret,10,Scratch,1,1
162,Furret,98,QuickAttack,1,4
162,Furret,98,QuickAttack,7,
162,Furret,154,FurySwipes,13,
162,Furret,389,SuckerPunch,36,
163,Hoothoot,33,Tackle,1,1
163,Hoothoot,64,Peck,9,
163,Hoothoot,93,Confusion,21,
163,Hoothoot,36,TakeDown,29,
163,Hoothoot,403,AirSlash,33,
163,Hoothoot,428,ZenHeadbutt,37,
163,Hoothoot,326,Extrasensory,45,
164,Noctowl,33,Tackle,1,3
164,Noctowl,64,Peck,9,
164,Noctowl,93,Confusion,22,
164,Noctowl,36,TakeDown,32,
164,Noctowl,403,AirSlash,37,
164,Noctowl,428,ZenHeadbutt,42,
164,Noctowl,326,Extrasensory,52,
165,Ledyba,33,Tackle,1,
165,Ledyba,129,Swift,33,
165,Ledyba,38,DoubleEdge,38,
165,Ledyba,405,BugBuzz,41,
166,Ledian,33,Tackle,1,1
166,Ledian,129,Swift,41,
166,Ledian,38,DoubleEdge,48,
166,Ledian,405,BugBuzz,53,
167,Spinarak,40,PoisonSting,1,1
167,Spinarak,141,LeechLife,12,
167,Spinarak,425,ShadowSneak,19,
167,Spinarak,154,FurySwipes,22,
167,Spinarak,389,SuckerPunch,26,
167,Spinarak,94,Psychic,40,
167,Spinarak,398,PoisonJab,43,
168,Ariados,450,BugBite,1,3
168,Ariados,40,PoisonSting,1,4
168,Ariados,141,LeechLife,12,
168,Ariados,425,ShadowSneak,19,
168,Ariados,154,FurySwipes,23,
168,Ariados,389,SuckerPunch,28,
168,Ariados,94,Psychic,46,
168,Ariados,398,PoisonJab,50,
169,Crobat,141,LeechLife,1,3
169,Crobat,310,Astonish,1,5
169,Crobat,310,Astonish,8,
169,Crobat,44,Bite,12,
169,Crobat,17,WingAttack,15,
169,Crobat,129,Swift,24,
169,Crobat,512,Acrobatics,33,
169,Crobat,403,AirSlash,52,
170,Chinchou,55,WaterGun,1,1
170,Chinchou,145,Bubble,12,
170,Chinchou,209,Spark,20,
170,Chinchou,36,TakeDown,23,
170,Chinchou,486,ElectroBall,28,
170,Chinchou,61,BubbleBeam,31,
170,Chinchou,324,SignalBeam,34,
170,Chinchou,435,Discharge,39,
170,Chinchou,56,HydroPump,45,
171,Lanturn,55,WaterGun,1,2
171,Lanturn,145,Bubble,12,
171,Lanturn,209,Spark,20,
171,Lanturn,36,TakeDown,23,
171,Lanturn,486,ElectroBall,30,
171,Lanturn,61,BubbleBeam,35,
171,Lanturn,324,SignalBeam,40,
171,Lanturn,435,Discharge,47,
171,Lanturn,56,HydroPump,57,
172,Pichu,84,ThunderShock,1,1
173,Cleffa,1,Pound,1,1
173,Cleffa,345,MagicalLeaf,16,
174,Igglybuff,1,Pound,9,
175,Togepi,246,AncientPower,33,
175,Togepi,38,DoubleEdge,45,
176,Togetic,345,MagicalLeaf,1,1
176,Togetic,584,FairyWind,14,
176,Togetic,246,AncientPower,33,
176,Togetic,38,DoubleEdge,45,
177,Natu,64,Peck,1,1
177,Natu,94,Psychic,50,
178,Xatu,64,Peck,1,1
178,Xatu,94,Psychic,66,
179,Mareep,33,Tackle,1,1
179,Mareep,84,ThunderShock,8,
179,Mareep,36,TakeDown,18,
179,Mareep,486,ElectroBall,22,
179,Mareep,408,PowerGem,29,
179,Mareep,435,Discharge,32,
179,Mareep,324,SignalBeam,39,
179,Mareep,87,Thunder,46,
180,Flaaffy,33,Tackle,1,1
180,Flaaffy,84,ThunderShock,1,4
180,Flaaffy,84,ThunderShock,8,
180,Flaaffy,36,TakeDown,20,
180,Flaaffy,486,ElectroBall,25,
180,Flaaffy,408,PowerGem,34,
180,Flaaffy,435,Discharge,38,
180,Flaaffy,324,SignalBeam,47,
180,Flaaffy,87,Thunder,56,
181,Ampharos,192,ZapCannon,1,1
181,Ampharos,406,DragonPulse,1,4
181,Ampharos,7,FirePunch,1,5
181,Ampharos,33,Tackle,1,6
181,Ampharos,84,ThunderShock,1,9
181,Ampharos,84,ThunderShock,8,
181,Ampharos,36,TakeDown,20,
181,Ampharos,486,ElectroBall,25,
181,Ampharos,9,ThunderPunch,30,
181,Ampharos,408,PowerGem,35,
181,Ampharos,435,Discharge,40,
181,Ampharos,324,SignalBeam,51,
181,Ampharos,87,Thunder,62,
181,Ampharos,406,DragonPulse,65,
182,Bellossom,437,LeafStorm,1,1
182,Bellossom,72,MegaDrain,1,3
182,Bellossom,345,MagicalLeaf,23,
182,Bellossom,437,LeafStorm,53,
183,Marill,33,Tackle,1,1
183,Marill,55,WaterGun,1,2
183,Marill,145,Bubble,7,
183,Marill,205,Rollout,10,2
183,Marill,61,BubbleBeam,13,
183,Marill,401,AquaTail,20,
183,Marill,38,DoubleEdge,23,
183,Marill,276,Superpower,37,
183,Marill,56,HydroPump,40,
183,Marill,583,PlayRough,45,
184,Azumarill,33,Tackle,1,1
184,Azumarill,55,WaterGun,1,2
184,Azumarill,145,Bubble,7,
184,Azumarill,205,Rollout,10,2
184,Azumarill,61,BubbleBeam,13,
184,Azumarill,401,AquaTail,21,
184,Azumarill,38,DoubleEdge,25,
184,Azumarill,276,Superpower,42,
184,Azumarill,56,HydroPump,46,
184,Azumarill,583,PlayRough,50,
185,Sudowoodo,67,LowKick,1,4
185,Sudowoodo,88,RockThrow,1,5
185,Sudowoodo,67,LowKick,8,
185,Sudowoodo,88,RockThrow,12,
185,Sudowoodo,185,FeintAttack,19,
185,Sudowoodo,157,RockSlide,29,
185,Sudowoodo,389,SuckerPunch,36,
185,Sudowoodo,38,DoubleEdge,40,
185,Sudowoodo,444,StoneEdge,43,
185,Sudowoodo,359,HammerArm,47,
186,Politoed,61,BubbleBeam,1,1
187,Hoppip,33,Tackle,8,
187,Hoppip,584,FairyWind,10,
187,Hoppip,72,MegaDrain,25,
187,Hoppip,512,Acrobatics,28,
187,Hoppip,202,GigaDrain,43,
188,Skiploom,33,Tackle,1,4
188,Skiploom,33,Tackle,8,
188,Skiploom,584,FairyWind,10,
188,Skiploom,72,MegaDrain,28,
188,Skiploom,512,Acrobatics,32,
188,Skiploom,202,GigaDrain,52,
189,Jumpluff,33,Tackle,1,4
189,Jumpluff,33,Tackle,8,
189,Jumpluff,584,FairyWind,10,
189,Jumpluff,72,MegaDrain,29,
189,Jumpluff,512,Acrobatics,34,
189,Jumpluff,202,GigaDrain,59,
190,Aipom,10,Scratch,1,1
190,Aipom,310,Astonish,8,
190,Aipom,154,FurySwipes,18,
190,Aipom,129,Swift,22,
191,Sunkern,71,Absorb,1,1
191,Sunkern,72,MegaDrain,10,
191,Sunkern,75,RazorLeaf,16,
191,Sunkern,202,GigaDrain,22,
191,Sunkern,76,SolarBeam,34,
191,Sunkern,38,DoubleEdge,37,
192,Sunflora,71,Absorb,1,2
192,Sunflora,1,Pound,1,3
192,Sunflora,72,MegaDrain,10,
192,Sunflora,75,RazorLeaf,16,
192,Sunflora,202,GigaDrain,22,
192,Sunflora,76,SolarBeam,34,
192,Sunflora,38,DoubleEdge,37,
192,Sunflora,437,LeafStorm,43,
193,Yanma,33,Tackle,1,1
193,Yanma,98,QuickAttack,6,
193,Yanma,228,Pursuit,30,
193,Yanma,246,AncientPower,33,
193,Yanma,17,WingAttack,43,
193,Yanma,403,AirSlash,54,
193,Yanma,405,BugBuzz,57,
194,Wooper,55,WaterGun,1,1
194,Wooper,341,MudShot,9,
194,Wooper,426,MudBomb,19,
194,Wooper,89,Earthquake,33,
195,Quagsire,55,WaterGun,1,1
195,Quagsire,341,MudShot,9,
195,Quagsire,426,MudBomb,19,
195,Quagsire,89,Earthquake,36,
196,Espeon,33,Tackle,1,2
196,Espeon,93,Confusion,9,
196,Espeon,98,QuickAttack,13,
196,Espeon,129,Swift,17,
196,Espeon,60,Psybeam,20,
196,Espeon,94,Psychic,37,
197,Umbreon,33,Tackle,1,2
197,Umbreon,228,Pursuit,9,
197,Umbreon,98,QuickAttack,13,
197,Umbreon,185,FeintAttack,20,
198,Murkrow,64,Peck,1,1
198,Murkrow,310,Astonish,1,2
198,Murkrow,228,Pursuit,5,
198,Murkrow,17,WingAttack,15,
198,Murkrow,185,FeintAttack,35,
198,Murkrow,389,SuckerPunch,55,
199,Slowking,408,PowerGem,1,2
199,Slowking,33,Tackle,1,6
199,Slowking,55,WaterGun,9,
199,Slowking,93,Confusion,14,
199,Slowking,29,Headbutt,23,
199,Slowking,352,WaterPulse,28,
199,Slowking,428,ZenHeadbutt,32,
199,Slowking,94,Psychic,45,
200,Misdreavus,149,Psywave,1,2
200,Misdreavus,310,Astonish,10,
200,Misdreavus,506,Hex,23,
200,Misdreavus,60,Psybeam,28,
200,Misdreavus,247,ShadowBall,41,
200,Misdreavus,408,PowerGem,55,
203,Girafarig,310,Astonish,1,3
203,Girafarig,33,Tackle,1,4
203,Girafarig,93,Confusion,1,6
203,Girafarig,60,Psybeam,19,
203,Girafarig,94,Psychic,37,
203,Girafarig,428,ZenHeadbutt,41,
203,Girafarig,242,Crunch,46,
204,Pineco,33,Tackle,1,1
204,Pineco,450,BugBite,9,
204,Pineco,36,TakeDown,12,
204,Pineco,153,Explosion,34,
204,Pineco,360,GyroBall,42,
204,Pineco,38,DoubleEdge,45,
205,Forretress,484,HeavySlam,1,1
205,Forretress,192,ZapCannon,1,2
205,Forretress,33,Tackle,1,5
205,Forretress,450,BugBite,1,8
205,Forretress,36,TakeDown,12,
205,Forretress,153,Explosion,42,
205,Forretress,360,GyroBall,50,
205,Forretress,38,DoubleEdge,56,
205,Forretress,192,ZapCannon,64,
205,Forretress,484,HeavySlam,70,
206,Dunsparce,205,Rollout,4,
206,Dunsparce,228,Pursuit,10,
206,Dunsparce,246,AncientPower,19,
206,Dunsparce,36,TakeDown,22,
206,Dunsparce,38,DoubleEdge,34,
207,Gligar,40,PoisonSting,1,
207,Gligar,98,QuickAttack,13,
207,Gligar,210,FuryCutter,16,
207,Gligar,185,FeintAttack,19,
207,Gligar,512,Acrobatics,22,
207,Gligar,163,Slash,27,
207,Gligar,404,XScissor,40,
208,Steelix,422,ThunderFang,1,1
208,Steelix,423,IceFang,1,2
208,Steelix,424,FireFang,1,3
208,Steelix,33,Tackle,1,5
208,Steelix,88,RockThrow,7,
208,Steelix,360,GyroBall,20,
208,Steelix,225,DragonBreath,25,
208,Steelix,157,RockSlide,34,
208,Steelix,242,Crunch,37,
208,Steelix,444,StoneEdge,46,
208,Steelix,38,DoubleEdge,49,
209,Snubbull,423,IceFang,1,1
209,Snubbull,424,FireFang,1,2
209,Snubbull,422,ThunderFang,1,3
209,Snubbull,33,Tackle,1,4
209,Snubbull,44,Bite,7,
209,Snubbull,122,Lick,13,
209,Snubbull,29,Headbutt,19,
209,Snubbull,583,PlayRough,37,
209,Snubbull,242,Crunch,49,
210,Granbull,200,Outrage,1,1
210,Granbull,423,IceFang,1,2
210,Granbull,424,FireFang,1,3
210,Granbull,422,ThunderFang,1,4
210,Granbull,33,Tackle,1,5
210,Granbull,44,Bite,7,
210,Granbull,122,Lick,13,
210,Granbull,29,Headbutt,19,
210,Granbull,583,PlayRough,43,
210,Granbull,242,Crunch,59,
210,Granbull,200,Outrage,67,
211,Qwilfish,56,HydroPump,1,2
211,Qwilfish,55,WaterGun,1,4
211,Qwilfish,33,Tackle,1,6
211,Qwilfish,40,PoisonSting,1,7
211,Qwilfish,145,Bubble,13,
211,Qwilfish,205,Rollout,17,
211,Qwilfish,279,Revenge,29,
211,Qwilfish,36,TakeDown,41,
211,Qwilfish,401,AquaTail,45,
211,Qwilfish,398,PoisonJab,49,
211,Qwilfish,56,HydroPump,57,
212,Scizor,98,QuickAttack,1,3
212,Scizor,228,Pursuit,9,
212,Scizor,232,MetalClaw,21,
212,Scizor,210,FuryCutter,25,
212,Scizor,163,Slash,29,
212,Scizor,404,XScissor,41,
212,Scizor,400,NightSlash,45,
212,Scizor,442,IronHead,50,
213,Shuckle,205,Rollout,1,5
213,Shuckle,88,RockThrow,23,
213,Shuckle,157,RockSlide,38,
213,Shuckle,450,BugBite,42,
213,Shuckle,444,StoneEdge,49,
214,Heracross,400,NightSlash,1,3
214,Heracross,33,Tackle,1,4
214,Heracross,31,FuryAttack,7,
214,Heracross,36,TakeDown,28,
214,Heracross,370,CloseCombat,34,
215,Sneasel,10,Scratch,1,1
215,Sneasel,98,QuickAttack,8,
215,Sneasel,185,FeintAttack,10,
215,Sneasel,196,IcyWind,14,
215,Sneasel,154,FurySwipes,16,
215,Sneasel,232,MetalClaw,22,
215,Sneasel,163,Slash,35,
215,Sneasel,420,IceShard,47,
216,Teddiursa,10,Scratch,1,3
216,Teddiursa,122,Lick,1,5
216,Teddiursa,154,FurySwipes,8,
216,Teddiursa,185,FeintAttack,15,
216,Teddiursa,163,Slash,29,
217,Ursaring,359,HammerArm,1,1
217,Ursaring,10,Scratch,1,3
217,Ursaring,122,Lick,1,5
217,Ursaring,154,FurySwipes,8,
217,Ursaring,185,FeintAttack,15,
217,Ursaring,163,Slash,29,
217,Ursaring,359,HammerArm,67,
218,Slugma,123,Smog,1,2
218,Slugma,52,Ember,5,
218,Slugma,88,RockThrow,10,
218,Slugma,246,AncientPower,28,
218,Slugma,436,LavaPlume,37,
218,Slugma,157,RockSlide,41,
218,Slugma,53,Flamethrower,50,
218,Slugma,414,EarthPower,55,
219,Magcargo,414,EarthPower,1,1
219,Magcargo,123,Smog,1,3
219,Magcargo,52,Ember,1,4
219,Magcargo,88,RockThrow,1,5
219,Magcargo,52,Ember,5,
219,Magcargo,88,RockThrow,10,
219,Magcargo,246,AncientPower,28,
219,Magcargo,436,LavaPlume,37,
219,Magcargo,157,RockSlide,44,
219,Magcargo,53,Flamethrower,59,
219,Magcargo,414,EarthPower,67,
220,Swinub,33,Tackle,1,1
220,Swinub,181,PowderSnow,8,
220,Swinub,189,MudSlap,11,
220,Swinub,426,MudBomb,18,
220,Swinub,196,IcyWind,21,
220,Swinub,420,IceShard,24,
220,Swinub,36,TakeDown,28,
220,Swinub,89,Earthquake,37,
220,Swinub,59,Blizzard,44,
221,Piloswine,246,AncientPower,1,1
221,Piloswine,64,Peck,1,2
221,Piloswine,181,PowderSnow,1,5
221,Piloswine,181,PowderSnow,8,
221,Piloswine,189,MudSlap,11,
221,Piloswine,426,MudBomb,18,
221,Piloswine,196,IcyWind,21,
221,Piloswine,423,IceFang,24,
221,Piloswine,36,TakeDown,28,
221,Piloswine,31,FuryAttack,33,
221,Piloswine,89,Earthquake,46,
221,Piloswine,59,Blizzard,52,
222,Corsola,33,Tackle,1,
222,Corsola,145,Bubble,8,
222,Corsola,61,BubbleBeam,17,
222,Corsola,246,AncientPower,20,
222,Corsola,350,RockBlast,31,
222,Corsola,408,PowerGem,41,
222,Corsola,414,EarthPower,47,
223,Remoraid,55,WaterGun,1,
223,Remoraid,60,Psybeam,10,
223,Remoraid,62,AuroraBeam,14,
223,Remoraid,61,BubbleBeam,18,
223,Remoraid,352,WaterPulse,26,
223,Remoraid,324,SignalBeam,30,
223,Remoraid,58,IceBeam,34,
223,Remoraid,56,HydroPump,42,
223,Remoraid,63,HyperBeam,46,
224,Octillery,350,RockBlast,1,2
224,Octillery,55,WaterGun,1,3
224,Octillery,60,Psybeam,1,5
224,Octillery,62,AuroraBeam,1,6
224,Octillery,60,Psybeam,10,
224,Octillery,62,AuroraBeam,14,
224,Octillery,61,BubbleBeam,18,
224,Octillery,324,SignalBeam,34,
224,Octillery,58,IceBeam,40,
224,Octillery,56,HydroPump,52,
224,Octillery,63,HyperBeam,58,
226,Mantine,60,Psybeam,1,1
226,Mantine,324,SignalBeam,1,3
226,Mantine,33,Tackle,1,4
226,Mantine,145,Bubble,1,5
226,Mantine,61,BubbleBeam,1,7
226,Mantine,61,BubbleBeam,7,
226,Mantine,17,WingAttack,14,
226,Mantine,29,Headbutt,16,
226,Mantine,352,WaterPulse,19,
226,Mantine,36,TakeDown,27,
226,Mantine,403,AirSlash,36,
226,Mantine,56,HydroPump,49,
227,Skarmory,64,Peck,1,2
227,Skarmory,129,Swift,9,
227,Skarmory,31,FuryAttack,17,
227,Skarmory,403,AirSlash,42,
227,Skarmory,163,Slash,45,
227,Skarmory,400,NightSlash,50,
228,Houndour,52,Ember,1,2
228,Houndour,123,Smog,8,
228,Houndour,44,Bite,16,
228,Houndour,424,FireFang,28,
228,Houndour,185,FeintAttack,32,
228,Houndour,53,Flamethrower,44,
228,Houndour,242,Crunch,49,
228,Houndour,517,Inferno,56,
229,Houndoom,517,Inferno,1,1
229,Houndoom,422,ThunderFang,1,3
229,Houndoom,52,Ember,1,5
229,Houndoom,123,Smog,1,7
229,Houndoom,123,Smog,8,
229,Houndoom,44,Bite,16,
229,Houndoom,424,FireFang,30,
229,Houndoom,185,FeintAttack,35,
229,Houndoom,53,Flamethrower,50,
229,Houndoom,242,Crunch,56,
229,Houndoom,517,Inferno,65,
230,Kingdra,406,DragonPulse,1,1
230,Kingdra,55,WaterGun,1,3
230,Kingdra,145,Bubble,1,6
230,Kingdra,145,Bubble,11,
230,Kingdra,61,BubbleBeam,18,
230,Kingdra,239,Twister,26,
230,Kingdra,56,HydroPump,40,
230,Kingdra,406,DragonPulse,57,
231,Phanpy,33,Tackle,1,2
231,Phanpy,36,TakeDown,10,
231,Phanpy,205,Rollout,15,
231,Phanpy,38,DoubleEdge,42,
232,Donphan,424,FireFang,1,1
232,Donphan,422,ThunderFang,1,2
232,Donphan,205,Rollout,15,
232,Donphan,31,FuryAttack,25,
232,Donphan,89,Earthquake,46,
233,Porygon2,192,ZapCannon,1,1
233,Porygon2,33,Tackle,1,4
233,Porygon2,60,Psybeam,7,
233,Porygon2,324,SignalBeam,29,
233,Porygon2,435,Discharge,40,
233,Porygon2,192,ZapCannon,62,
233,Porygon2,63,HyperBeam,67,
234,Stantler,33,Tackle,1,2
234,Stantler,310,Astonish,7,
234,Stantler,36,TakeDown,21,
234,Stantler,428,ZenHeadbutt,38,
236,Tyrogue,33,Tackle,1,1
237,Hitmontop,370,CloseCombat,1,2
237,Hitmontop,279,Revenge,1,3
237,Hitmontop,228,Pursuit,10,
237,Hitmontop,98,QuickAttack,15,
237,Hitmontop,360,GyroBall,42,
237,Hitmontop,370,CloseCombat,55,
238,Smoochum,1,Pound,1,
238,Smoochum,122,Lick,5,
238,Smoochum,181,PowderSnow,11,
238,Smoochum,93,Confusion,15,
238,Smoochum,94,Psychic,38,
238,Smoochum,59,Blizzard,48,
239,Elekid,98,QuickAttack,1,1
239,Elekid,84,ThunderShock,5,
239,Elekid,67,LowKick,8,
239,Elekid,129,Swift,12,
239,Elekid,486,ElectroBall,22,
239,Elekid,9,ThunderPunch,29,
239,Elekid,435,Discharge,33,
239,Elekid,85,Thunderbolt,40,
239,Elekid,87,Thunder,43,
240,Magby,123,Smog,1,1
240,Magby,52,Ember,5,
240,Magby,185,FeintAttack,12,
240,Magby,7,FirePunch,29,
240,Magby,436,LavaPlume,33,
240,Magby,53,Flamethrower,40,
240,Magby,126,FireBlast,43,
241,Miltank,33,Tackle,1,
241,Miltank,205,Rollout,19,
241,Miltank,428,ZenHeadbutt,29,
241,Miltank,360,GyroBall,41,
241,Miltank,358,WakeUpSlap,50,
242,Blissey,38,DoubleEdge,1,1
242,Blissey,1,Pound,1,3
242,Blissey,36,TakeDown,27,
242,Blissey,38,DoubleEdge,54,
243,Raikou,326,Extrasensory,1,1
243,Raikou,435,Discharge,1,2
243,Raikou,44,Bite,1,3
243,Raikou,84,ThunderShock,8,
243,Raikou,98,QuickAttack,22,
243,Raikou,209,Spark,29,
243,Raikou,242,Crunch,43,
243,Raikou,422,ThunderFang,50,
243,Raikou,435,Discharge,57,
243,Raikou,326,Extrasensory,64,
243,Raikou,87,Thunder,85,
244,Entei,326,Extrasensory,1,3
244,Entei,436,LavaPlume,1,4
244,Entei,44,Bite,1,5
244,Entei,52,Ember,8,
244,Entei,53,Flamethrower,36,
244,Entei,424,FireFang,50,
244,Entei,436,LavaPlume,57,
244,Entei,326,Extrasensory,64,
244,Entei,126,FireBlast,71,
245,Suicune,56,HydroPump,1,1
245,Suicune,326,Extrasensory,1,2
245,Suicune,44,Bite,1,4
245,Suicune,61,BubbleBeam,8,
245,Suicune,16,Gust,22,
245,Suicune,62,AuroraBeam,29,
245,Suicune,423,IceFang,50,
245,Suicune,326,Extrasensory,64,
245,Suicune,56,HydroPump,71,
245,Suicune,59,Blizzard,85,
246,Larvitar,44,Bite,1,1
246,Larvitar,157,RockSlide,19,
246,Larvitar,399,DarkPulse,32,
246,Larvitar,242,Crunch,41,
246,Larvitar,89,Earthquake,46,
246,Larvitar,444,StoneEdge,50,
246,Larvitar,63,HyperBeam,55,
247,Pupitar,44,Bite,1,1
247,Pupitar,157,RockSlide,19,
247,Pupitar,399,DarkPulse,34,
247,Pupitar,242,Crunch,47,
247,Pupitar,89,Earthquake,54,
247,Pupitar,444,StoneEdge,60,
247,Pupitar,63,HyperBeam,67,
248,Tyranitar,422,ThunderFang,1,1
248,Tyranitar,423,IceFang,1,2
248,Tyranitar,424,FireFang,1,3
248,Tyranitar,44,Bite,1,4
248,Tyranitar,157,RockSlide,19,
248,Tyranitar,399,DarkPulse,34,
248,Tyranitar,242,Crunch,47,
248,Tyranitar,89,Earthquake,54,
248,Tyranitar,444,StoneEdge,63,
248,Tyranitar,63,HyperBeam,73,
249,Lugia,16,Gust,9,
249,Lugia,407,DragonRush,15,
249,Lugia,326,Extrasensory,23,
249,Lugia,56,HydroPump,37,
249,Lugia,246,AncientPower,57,
250,Ho-Oh,16,Gust,9,
250,Ho-Oh,326,Extrasensory,23,
250,Ho-Oh,126,FireBlast,37,
250,Ho-Oh,246,AncientPower,57,
251,Celebi,93,Confusion,1,2
251,Celebi,345,MagicalLeaf,19,
251,Celebi,246,AncientPower,28,
251,Celebi,437,LeafStorm,82,
252,Treecko,1,Pound,1,1
252,Treecko,71,Absorb,6,
252,Treecko,98,QuickAttack,11,
252,Treecko,228,Pursuit,16,
252,Treecko,72,MegaDrain,26,
252,Treecko,202,GigaDrain,46,
253,Grovyle,1,Pound,1,1
253,Grovyle,71,Absorb,1,3
253,Grovyle,98,QuickAttack,1,4
253,Grovyle,71,Absorb,6,
253,Grovyle,98,QuickAttack,11,
253,Grovyle,210,FuryCutter,16,
253,Grovyle,228,Pursuit,17,
253,Grovyle,437,LeafStorm,59,
254,Sceptile,437,LeafStorm,1,1
254,Sceptile,400,NightSlash,1,2
254,Sceptile,1,Pound,1,3
254,Sceptile,71,Absorb,1,5
254,Sceptile,98,QuickAttack,1,6
254,Sceptile,71,Absorb,6,
254,Sceptile,98,QuickAttack,11,
254,Sceptile,404,XScissor,16,
254,Sceptile,228,Pursuit,17,
254,Sceptile,437,LeafStorm,67,
255,Torchic,10,Scratch,1,1
255,Torchic,52,Ember,10,
255,Torchic,64,Peck,16,
255,Torchic,98,QuickAttack,28,
255,Torchic,163,Slash,34,
255,Torchic,53,Flamethrower,43,
256,Combusken,10,Scratch,1,1
256,Combusken,52,Ember,1,4
256,Combusken,52,Ember,13,
256,Combusken,24,DoubleKick,16,
256,Combusken,64,Peck,17,
256,Combusken,98,QuickAttack,32,
256,Combusken,163,Slash,39,
257,Blaziken,7,FirePunch,1,2
257,Blaziken,10,Scratch,1,4
257,Blaziken,52,Ember,1,7
257,Blaziken,52,Ember,13,
257,Blaziken,24,DoubleKick,16,
257,Blaziken,64,Peck,17,
257,Blaziken,98,QuickAttack,32,
257,Blaziken,163,Slash,42,
258,Mudkip,33,Tackle,1,1
258,Mudkip,189,MudSlap,6,
258,Mudkip,55,WaterGun,10,
258,Mudkip,36,TakeDown,28,
258,Mudkip,56,HydroPump,42,
259,Marshtomp,33,Tackle,1,1
259,Marshtomp,189,MudSlap,1,3
259,Marshtomp,55,WaterGun,1,4
259,Marshtomp,189,MudSlap,6,
259,Marshtomp,55,WaterGun,10,
259,Marshtomp,341,MudShot,16,
259,Marshtomp,426,MudBomb,25,
259,Marshtomp,36,TakeDown,31,
259,Marshtomp,89,Earthquake,46,
260,Swampert,359,HammerArm,1,1
260,Swampert,33,Tackle,1,2
260,Swampert,189,MudSlap,1,4
260,Swampert,55,WaterGun,1,5
260,Swampert,189,MudSlap,6,
260,Swampert,55,WaterGun,10,
260,Swampert,341,MudShot,16,
260,Swampert,426,MudBomb,25,
260,Swampert,36,TakeDown,31,
260,Swampert,89,Earthquake,52,
260,Swampert,359,HammerArm,69,
261,Poochyena,33,Tackle,1,
261,Poochyena,44,Bite,13,
261,Poochyena,36,TakeDown,45,
261,Poochyena,389,SuckerPunch,49,
261,Poochyena,242,Crunch,53,
262,Mightyena,242,Crunch,1,1
262,Mightyena,33,Tackle,1,2
262,Mightyena,44,Bite,1,5
262,Mightyena,44,Bite,13,
262,Mightyena,36,TakeDown,52,
262,Mightyena,389,SuckerPunch,62,
262,Mightyena,242,Crunch,65,
263,Zigzagoon,33,Tackle,1,2
263,Zigzagoon,29,Headbutt,9,
264,Linoone,583,PlayRough,1,1
264,Linoone,33,Tackle,1,4
264,Linoone,29,Headbutt,1,7
264,Linoone,29,Headbutt,9,
264,Linoone,154,FurySwipes,29,
264,Linoone,163,Slash,47,
265,Wurmple,33,Tackle,1,1
265,Wurmple,40,PoisonSting,5,
265,Wurmple,450,BugBite,15,
267,Beautifly,71,Absorb,1,
267,Beautifly,71,Absorb,10,
267,Beautifly,16,Gust,13,
267,Beautifly,72,MegaDrain,24,
267,Beautifly,202,GigaDrain,38,
267,Beautifly,405,BugBuzz,41,
269,Dustox,93,Confusion,1,
269,Dustox,93,Confusion,10,
269,Dustox,16,Gust,13,
269,Dustox,60,Psybeam,24,
269,Dustox,405,BugBuzz,41,
270,Lotad,310,Astonish,1,
270,Lotad,71,Absorb,5,
270,Lotad,72,MegaDrain,19,
270,Lotad,61,BubbleBeam,25,
270,Lotad,428,ZenHeadbutt,31,
271,Lombre,310,Astonish,1,
271,Lombre,71,Absorb,5,
271,Lombre,154,FurySwipes,15,
271,Lombre,61,BubbleBeam,25,
271,Lombre,428,ZenHeadbutt,31,
271,Lombre,56,HydroPump,45,
272,Ludicolo,310,Astonish,1,1
272,Ludicolo,72,MegaDrain,1,3
273,Seedot,153,Explosion,43,
274,Nuzleaf,75,RazorLeaf,1,1
274,Nuzleaf,1,Pound,1,2
274,Nuzleaf,185,FeintAttack,31,
274,Nuzleaf,326,Extrasensory,49,
275,Shiftry,185,FeintAttack,1,1
275,Shiftry,75,RazorLeaf,1,4
275,Shiftry,437,LeafStorm,49,
276,Taillow,64,Peck,1,1
276,Taillow,98,QuickAttack,7,
276,Taillow,17,WingAttack,13,
276,Taillow,403,AirSlash,53,
277,Swellow,403,AirSlash,1,1
277,Swellow,64,Peck,1,3
277,Swellow,98,QuickAttack,1,6
277,Swellow,98,QuickAttack,7,
277,Swellow,17,WingAttack,13,
277,Swellow,403,AirSlash,61,
278,Wingull,55,WaterGun,1,2
278,Wingull,17,WingAttack,9,
278,Wingull,352,WaterPulse,17,
278,Wingull,98,QuickAttack,22,
278,Wingull,228,Pursuit,30,
278,Wingull,403,AirSlash,46,
279,Pelipper,56,HydroPump,1,1
279,Pelipper,55,WaterGun,1,5
279,Pelipper,17,WingAttack,1,7
279,Pelipper,17,WingAttack,9,
279,Pelipper,352,WaterPulse,17,
279,Pelipper,56,HydroPump,58,
280,Ralts,93,Confusion,6,
280,Ralts,345,MagicalLeaf,21,
280,Ralts,94,Psychic,32,
281,Kirlia,93,Confusion,1,2
281,Kirlia,93,Confusion,6,
281,Kirlia,345,MagicalLeaf,22,
281,Kirlia,94,Psychic,36,
282,Gardevoir,585,Moonblast,1,1
282,Gardevoir,93,Confusion,1,6
282,Gardevoir,93,Confusion,6,
282,Gardevoir,345,MagicalLeaf,22,
282,Gardevoir,94,Psychic,40,
282,Gardevoir,585,Moonblast,85,
283,Surskit,145,Bubble,1,
283,Surskit,98,QuickAttack,7,
283,Surskit,61,BubbleBeam,25,
284,Masquerain,405,BugBuzz,1,2
284,Masquerain,145,Bubble,1,5
284,Masquerain,98,QuickAttack,1,6
284,Masquerain,98,QuickAttack,7,
284,Masquerain,16,Gust,22,
284,Masquerain,403,AirSlash,47,
284,Masquerain,405,BugBuzz,61,
285,Shroomish,71,Absorb,1,
285,Shroomish,33,Tackle,5,
285,Shroomish,72,MegaDrain,17,
285,Shroomish,29,Headbutt,21,
285,Shroomish,202,GigaDrain,37,
286,Breloom,71,Absorb,1,1
286,Breloom,33,Tackle,1,2
286,Breloom,33,Tackle,5,
286,Breloom,72,MegaDrain,17,
286,Breloom,29,Headbutt,21,
287,Slakoth,10,Scratch,1,1
287,Slakoth,185,FeintAttack,19,
288,Vigoroth,10,Scratch,1,2
288,Vigoroth,154,FurySwipes,19,
288,Vigoroth,163,Slash,31,
289,Slaking,359,HammerArm,1,1
289,Slaking,10,Scratch,1,4
289,Slaking,185,FeintAttack,19,
289,Slaking,359,HammerArm,67,
290,Nincada,10,Scratch,1,1
290,Nincada,141,LeechLife,5,
290,Nincada,154,FurySwipes,14,
290,Nincada,189,MudSlap,31,
290,Nincada,232,MetalClaw,38,
291,Ninjask,450,BugBite,1,1
291,Ninjask,10,Scratch,1,2
291,Ninjask,141,LeechLife,1,4
291,Ninjask,141,LeechLife,5,
291,Ninjask,154,FurySwipes,14,
291,Ninjask,210,FuryCutter,20,2
291,Ninjask,163,Slash,31,
291,Ninjask,404,XScissor,52,
292,Shedinja,10,Scratch,1,1
292,Shedinja,141,LeechLife,5,
292,Shedinja,154,FurySwipes,14,
292,Shedinja,425,ShadowSneak,38,
292,Shedinja,247,ShadowBall,59,
293,Whismur,1,Pound,1,
293,Whismur,310,Astonish,11,
294,Loudred,1,Pound,1,1
294,Loudred,310,Astonish,1,3
294,Loudred,310,Astonish,11,
294,Loudred,44,Bite,20,
295,Exploud,423,IceFang,1,2
295,Exploud,424,FireFang,1,3
295,Exploud,422,ThunderFang,1,4
295,Exploud,1,Pound,1,5
295,Exploud,310,Astonish,1,7
295,Exploud,310,Astonish,11,
295,Exploud,44,Bite,20,
295,Exploud,242,Crunch,40,
295,Exploud,63,HyperBeam,79,
296,Makuhita,33,Tackle,1,1
296,Makuhita,358,WakeUpSlap,34,
296,Makuhita,370,CloseCombat,40,
296,Makuhita,484,HeavySlam,46,
297,Hariyama,33,Tackle,1,2
297,Hariyama,358,WakeUpSlap,42,
297,Hariyama,370,CloseCombat,52,
297,Hariyama,484,HeavySlam,62,
298,Azurill,55,WaterGun,1,2
298,Azurill,145,Bubble,7,
298,Azurill,61,BubbleBeam,13,
299,Nosepass,33,Tackle,1,
299,Nosepass,88,RockThrow,11,
299,Nosepass,350,RockBlast,18,
299,Nosepass,209,Spark,25,
299,Nosepass,157,RockSlide,29,
299,Nosepass,408,PowerGem,32,
299,Nosepass,435,Discharge,39,
299,Nosepass,414,EarthPower,43,
299,Nosepass,444,StoneEdge,46,
299,Nosepass,192,ZapCannon,50,2
300,Skitty,33,Tackle,1,4
300,Skitty,185,FeintAttack,29,
300,Skitty,358,WakeUpSlap,32,
300,Skitty,38,DoubleEdge,42,
300,Skitty,583,PlayRough,49,
302,Sableye,428,ZenHeadbutt,1,2
302,Sableye,10,Scratch,1,4
302,Sableye,310,Astonish,11,
302,Sableye,154,FurySwipes,15,
302,Sableye,425,ShadowSneak,25,
302,Sableye,185,FeintAttack,32,
302,Sableye,408,PowerGem,43,
302,Sableye,428,ZenHeadbutt,53,
302,Sableye,247,ShadowBall,57,
303,Mawile,583,PlayRough,1,1
303,Mawile,442,IronHead,1,2
303,Mawile,584,FairyWind,1,5
303,Mawile,310,Astonish,1,6
303,Mawile,44,Bite,11,
303,Mawile,185,FeintAttack,26,
303,Mawile,242,Crunch,36,
303,Mawile,389,SuckerPunch,46,
303,Mawile,442,IronHead,56,
303,Mawile,583,PlayRough,60,
304,Aron,33,Tackle,1,1
304,Aron,189,MudSlap,4,
304,Aron,29,Headbutt,8,
304,Aron,232,MetalClaw,11,
304,Aron,36,TakeDown,22,
304,Aron,442,IronHead,25,
304,Aron,484,HeavySlam,43,
304,Aron,38,DoubleEdge,46,
305,Lairon,33,Tackle,1,1
305,Lairon,189,MudSlap,1,3
305,Lairon,29,Headbutt,1,4
305,Lairon,189,MudSlap,4,
305,Lairon,29,Headbutt,8,
305,Lairon,232,MetalClaw,11,
305,Lairon,36,TakeDown,22,
305,Lairon,442,IronHead,25,
305,Lairon,484,HeavySlam,51,
305,Lairon,38,DoubleEdge,56,
306,Aggron,33,Tackle,1,1
306,Aggron,189,MudSlap,1,3
306,Aggron,29,Headbutt,1,4
306,Aggron,189,MudSlap,4,
306,Aggron,29,Headbutt,8,
306,Aggron,232,MetalClaw,11,
306,Aggron,36,TakeDown,22,
306,Aggron,442,IronHead,25,
306,Aggron,484,HeavySlam,57,
306,Aggron,38,DoubleEdge,65,
307,Meditite,93,Confusion,8,
308,Medicham,428,ZenHeadbutt,1,1
308,Medicham,7,FirePunch,1,2
308,Medicham,9,ThunderPunch,1,3
308,Medicham,8,IcePunch,1,4
308,Medicham,93,Confusion,1,7
308,Medicham,93,Confusion,8,
309,Electrike,33,Tackle,1,
309,Electrike,98,QuickAttack,17,
309,Electrike,209,Spark,20,
309,Electrike,44,Bite,28,
309,Electrike,422,ThunderFang,33,
309,Electrike,435,Discharge,41,
309,Electrike,87,Thunder,52,
310,Manectric,424,FireFang,1,2
310,Manectric,33,Tackle,1,3
310,Manectric,98,QuickAttack,17,
310,Manectric,209,Spark,20,
310,Manectric,44,Bite,30,
310,Manectric,422,ThunderFang,37,
310,Manectric,435,Discharge,49,
310,Manectric,87,Thunder,66,
311,Plusle,98,QuickAttack,7,
311,Plusle,209,Spark,15,
311,Plusle,486,ElectroBall,29,
311,Plusle,129,Swift,31,
311,Plusle,87,Thunder,42,
312,Minun,98,QuickAttack,7,
312,Minun,209,Spark,15,
312,Minun,486,ElectroBall,29,
312,Minun,129,Swift,31,
312,Minun,87,Thunder,42,
313,Volbeat,33,Tackle,1,2
313,Volbeat,98,QuickAttack,17,
313,Volbeat,324,SignalBeam,25,
313,Volbeat,428,ZenHeadbutt,37,
313,Volbeat,405,BugBuzz,41,
313,Volbeat,38,DoubleEdge,45,
314,Illumise,33,Tackle,1,1
314,Illumise,98,QuickAttack,17,
314,Illumise,428,ZenHeadbutt,37,
314,Illumise,405,BugBuzz,41,
315,Roselia,71,Absorb,1,
315,Roselia,40,PoisonSting,7,
315,Roselia,72,MegaDrain,13,
315,Roselia,345,MagicalLeaf,19,
315,Roselia,202,GigaDrain,25,
316,Gulpin,1,Pound,1,
317,Swalot,1,Pound,1,3
318,Carvanha,44,Bite,1,2
318,Carvanha,423,IceFang,16,
318,Carvanha,242,Crunch,28,
318,Carvanha,36,TakeDown,38,
319,Sharpedo,400,NightSlash,1,1
319,Sharpedo,44,Bite,1,4
319,Sharpedo,423,IceFang,16,
319,Sharpedo,242,Crunch,28,
319,Sharpedo,163,Slash,30,
319,Sharpedo,400,NightSlash,56,
320,Wailmer,55,WaterGun,7,
320,Wailmer,205,Rollout,11,
320,Wailmer,310,Astonish,17,
320,Wailmer,352,WaterPulse,21,
320,Wailmer,56,HydroPump,47,
320,Wailmer,484,HeavySlam,50,
321,Wailord,55,WaterGun,1,3
321,Wailord,205,Rollout,1,4
321,Wailord,55,WaterGun,7,
321,Wailord,205,Rollout,11,
321,Wailord,310,Astonish,17,
321,Wailord,352,WaterPulse,21,
321,Wailord,56,HydroPump,62,
321,Wailord,484,HeavySlam,70,
322,Numel,33,Tackle,1,2
322,Numel,52,Ember,5,
322,Numel,436,LavaPlume,22,
322,Numel,414,EarthPower,26,
322,Numel,36,TakeDown,31,
322,Numel,89,Earthquake,40,
322,Numel,53,Flamethrower,43,
322,Numel,38,DoubleEdge,47,
323,Camerupt,33,Tackle,1,4
323,Camerupt,52,Ember,1,5
323,Camerupt,52,Ember,5,
323,Camerupt,436,LavaPlume,22,
323,Camerupt,414,EarthPower,26,
323,Camerupt,36,TakeDown,31,
323,Camerupt,157,RockSlide,33,
323,Camerupt,89,Earthquake,46,
324,Torkoal,517,Inferno,1,1
324,Torkoal,52,Ember,1,6
324,Torkoal,123,Smog,4,
324,Torkoal,53,Flamethrower,28,
324,Torkoal,436,LavaPlume,39,
324,Torkoal,517,Inferno,60,
325,Spoink,149,Psywave,7,
325,Spoink,60,Psybeam,14,
325,Spoink,428,ZenHeadbutt,26,
325,Spoink,408,PowerGem,33,
325,Spoink,94,Psychic,44,
326,Grumpig,149,Psywave,1,2
326,Grumpig,60,Psybeam,1,4
326,Grumpig,149,Psywave,7,
326,Grumpig,60,Psybeam,14,
326,Grumpig,428,ZenHeadbutt,26,
326,Grumpig,408,PowerGem,35,
326,Grumpig,94,Psychic,52,
327,Spinda,33,Tackle,1,
327,Spinda,185,FeintAttack,14,
327,Spinda,60,Psybeam,19,
327,Spinda,389,SuckerPunch,32,
327,Spinda,38,DoubleEdge,46,
328,Trapinch,276,Superpower,1,2
328,Trapinch,44,Bite,1,4
328,Trapinch,185,FeintAttack,7,
328,Trapinch,328,SandTomb,10,
328,Trapinch,189,MudSlap,13,
328,Trapinch,157,RockSlide,25,
328,Trapinch,242,Crunch,34,
328,Trapinch,414,EarthPower,39,
328,Trapinch,63,HyperBeam,49,
328,Trapinch,89,Earthquake,55,
328,Trapinch,276,Superpower,67,
329,Vibrava,185,FeintAttack,1,3
329,Vibrava,328,SandTomb,1,4
329,Vibrava,185,FeintAttack,7,
329,Vibrava,328,SandTomb,10,
329,Vibrava,189,MudSlap,13,
329,Vibrava,157,RockSlide,25,
329,Vibrava,225,DragonBreath,35,
329,Vibrava,414,EarthPower,39,
329,Vibrava,63,HyperBeam,49,
330,Flygon,185,FeintAttack,1,3
330,Flygon,328,SandTomb,1,4
330,Flygon,185,FeintAttack,7,
330,Flygon,328,SandTomb,10,
330,Flygon,189,MudSlap,13,
330,Flygon,157,RockSlide,25,
330,Flygon,225,DragonBreath,35,
330,Flygon,414,EarthPower,39,
330,Flygon,525,DragonTail,45,
330,Flygon,63,HyperBeam,49,
330,Flygon,337,DragonClaw,55,
331,Cacnea,40,PoisonSting,1,1
331,Cacnea,71,Absorb,5,
331,Cacnea,185,FeintAttack,29,
331,Cacnea,389,SuckerPunch,37,
332,Cacturne,279,Revenge,1,2
332,Cacturne,40,PoisonSting,1,3
332,Cacturne,71,Absorb,1,5
332,Cacturne,71,Absorb,5,
332,Cacturne,185,FeintAttack,29,
332,Cacturne,389,SuckerPunch,41,
333,Swablu,64,Peck,1,1
333,Swablu,310,Astonish,4,
333,Swablu,31,FuryAttack,10,
333,Swablu,36,TakeDown,25,
333,Swablu,406,DragonPulse,42,
333,Swablu,585,Moonblast,50,
334,Altaria,64,Peck,1,3
334,Altaria,310,Astonish,1,5
334,Altaria,310,Astonish,4,
334,Altaria,31,FuryAttack,10,
334,Altaria,36,TakeDown,25,
334,Altaria,225,DragonBreath,35,
334,Altaria,406,DragonPulse,48,
334,Altaria,585,Moonblast,60,
335,Zangoose,10,Scratch,1,1
335,Zangoose,98,QuickAttack,5,
335,Zangoose,210,FuryCutter,8,
335,Zangoose,228,Pursuit,12,
335,Zangoose,163,Slash,15,
335,Zangoose,279,Revenge,26,
335,Zangoose,404,XScissor,36,
335,Zangoose,370,CloseCombat,47,
336,Seviper,44,Bite,5,
336,Seviper,122,Lick,9,
336,Seviper,400,NightSlash,31,
336,Seviper,398,PoisonJab,42,
336,Seviper,242,Crunch,45,
337,Lunatone,88,RockThrow,1,2
337,Lunatone,33,Tackle,1,3
337,Lunatone,93,Confusion,1,5
337,Lunatone,88,RockThrow,5,
337,Lunatone,149,Psywave,17,
337,Lunatone,157,RockSlide,25,
337,Lunatone,94,Psychic,33,
337,Lunatone,444,StoneEdge,41,
337,Lunatone,153,Explosion,49,
337,Lunatone,585,Moonblast,50,
338,Solrock,88,RockThrow,1,2
338,Solrock,33,Tackle,1,3
338,Solrock,93,Confusion,1,5
338,Solrock,88,RockThrow,5,
338,Solrock,149,Psywave,17,
338,Solrock,157,RockSlide,25,
338,Solrock,94,Psychic,33,
338,Solrock,444,StoneEdge,41,
338,Solrock,76,SolarBeam,45,
338,Solrock,153,Explosion,49,
339,Barboach,189,MudSlap,1,
339,Barboach,55,WaterGun,10,
339,Barboach,426,MudBomb,14,
339,Barboach,352,WaterPulse,22,
339,Barboach,401,AquaTail,35,
339,Barboach,89,Earthquake,39,
340,Whiscash,428,ZenHeadbutt,1,1
340,Whiscash,189,MudSlap,1,3
340,Whiscash,55,WaterGun,10,
340,Whiscash,426,MudBomb,14,
340,Whiscash,352,WaterPulse,22,
340,Whiscash,401,AquaTail,39,
340,Whiscash,89,Earthquake,45,
341,Corphish,145,Bubble,1,
341,Corphish,61,BubbleBeam,20,
341,Corphish,400,NightSlash,35,
341,Corphish,242,Crunch,47,
342,Crawdaunt,145,Bubble,1,2
342,Crawdaunt,61,BubbleBeam,20,
342,Crawdaunt,129,Swift,30,
342,Crawdaunt,400,NightSlash,39,
342,Crawdaunt,242,Crunch,57,
343,Baltoy,93,Confusion,1,2
343,Baltoy,189,MudSlap,7,
343,Baltoy,60,Psybeam,13,
343,Baltoy,246,AncientPower,21,
343,Baltoy,326,Extrasensory,28,
343,Baltoy,414,EarthPower,37,
343,Baltoy,153,Explosion,49,
344,Claydol,93,Confusion,1,3
344,Claydol,189,MudSlap,7,
344,Claydol,60,Psybeam,13,
344,Claydol,246,AncientPower,21,
344,Claydol,326,Extrasensory,28,
344,Claydol,63,HyperBeam,36,
344,Claydol,414,EarthPower,40,
344,Claydol,153,Explosion,61,
345,Lileep,310,Astonish,1,1
345,Lileep,51,Acid,8,
345,Lileep,246,AncientPower,43,
346,Cradily,310,Astonish,1,5
346,Cradily,51,Acid,1,7
346,Cradily,51,Acid,8,
346,Cradily,246,AncientPower,36,
347,Anorith,10,Scratch,1,1
347,Anorith,55,WaterGun,13,
347,Anorith,232,MetalClaw,19,
347,Anorith,246,AncientPower,31,
347,Anorith,210,FuryCutter,37,
347,Anorith,163,Slash,43,
347,Anorith,350,RockBlast,49,
347,Anorith,404,XScissor,61,
348,Armaldo,10,Scratch,1,2
348,Armaldo,55,WaterGun,1,5
348,Armaldo,55,WaterGun,13,
348,Armaldo,232,MetalClaw,19,
348,Armaldo,246,AncientPower,31,
348,Armaldo,210,FuryCutter,37,
348,Armaldo,163,Slash,46,
348,Armaldo,350,RockBlast,55,
348,Armaldo,404,XScissor,73,
349,Feebas,33,Tackle,15,
350,Milotic,55,WaterGun,1,1
350,Milotic,352,WaterPulse,13,
350,Milotic,239,Twister,17,
350,Milotic,401,AquaTail,29,
350,Milotic,56,HydroPump,37,
351,Castform,33,Tackle,1,
351,Castform,55,WaterGun,10,1
351,Castform,52,Ember,10,2
351,Castform,181,PowderSnow,10,3
351,Castform,29,Headbutt,15,
351,Castform,56,HydroPump,40,1
351,Castform,126,FireBlast,40,2
351,Castform,59,Blizzard,40,3
352,Kecleon,246,AncientPower,1,2
352,Kecleon,310,Astonish,1,5
352,Kecleon,122,Lick,1,6
352,Kecleon,10,Scratch,1,7
352,Kecleon,185,FeintAttack,7,
352,Kecleon,154,FurySwipes,10,
352,Kecleon,60,Psybeam,18,
352,Kecleon,425,ShadowSneak,22,
352,Kecleon,163,Slash,27,
352,Kecleon,389,SuckerPunch,43,
352,Kecleon,246,AncientPower,55,
353,Shuppet,425,ShadowSneak,16,
353,Shuppet,185,FeintAttack,22,
353,Shuppet,506,Hex,26,
353,Shuppet,247,ShadowBall,30,
353,Shuppet,389,SuckerPunch,34,
354,Banette,425,ShadowSneak,16,
354,Banette,185,FeintAttack,22,
354,Banette,506,Hex,26,
354,Banette,247,ShadowBall,30,
354,Banette,389,SuckerPunch,34,
355,Duskull,310,Astonish,14,
355,Duskull,425,ShadowSneak,22,
355,Duskull,228,Pursuit,25,
355,Duskull,506,Hex,38,
356,Dusclops,7,FirePunch,1,1
356,Dusclops,8,IcePunch,1,2
356,Dusclops,9,ThunderPunch,1,3
356,Dusclops,310,Astonish,14,
356,Dusclops,425,ShadowSneak,22,
356,Dusclops,228,Pursuit,25,
356,Dusclops,506,Hex,42,
357,Tropius,437,LeafStorm,1,1
357,Tropius,16,Gust,1,5
357,Tropius,75,RazorLeaf,11,
357,Tropius,345,MagicalLeaf,31,
357,Tropius,403,AirSlash,50,
357,Tropius,76,SolarBeam,61,
357,Tropius,437,LeafStorm,71,
358,Chimecho,310,Astonish,9,
358,Chimecho,93,Confusion,14,
358,Chimecho,36,TakeDown,22,
358,Chimecho,149,Psywave,30,
358,Chimecho,38,DoubleEdge,33,
358,Chimecho,326,Extrasensory,46,
359,Absol,10,Scratch,1,6
359,Absol,98,QuickAttack,9,
359,Absol,228,Pursuit,12,
359,Absol,44,Bite,20,
359,Absol,163,Slash,28,
359,Absol,400,NightSlash,41,
359,Absol,389,SuckerPunch,50,
361,Snorunt,181,PowderSnow,1,1
361,Snorunt,44,Bite,10,
361,Snorunt,196,IcyWind,13,
361,Snorunt,29,Headbutt,19,
361,Snorunt,423,IceFang,28,
361,Snorunt,242,Crunch,31,
361,Snorunt,420,IceShard,37,
361,Snorunt,59,Blizzard,46,
362,Glalie,181,PowderSnow,1,2
362,Glalie,44,Bite,1,5
362,Glalie,44,Bite,10,
362,Glalie,196,IcyWind,13,
362,Glalie,29,Headbutt,19,
362,Glalie,423,IceFang,28,
362,Glalie,242,Crunch,31,
362,Glalie,58,IceBeam,37,
362,Glalie,59,Blizzard,51,
363,Spheal,181,PowderSnow,1,2
363,Spheal,55,WaterGun,1,4
363,Spheal,62,AuroraBeam,25,
363,Spheal,59,Blizzard,43,
364,Sealeo,181,PowderSnow,1,1
364,Sealeo,55,WaterGun,1,3
364,Sealeo,62,AuroraBeam,25,
364,Sealeo,59,Blizzard,47,
365,Walrein,242,Crunch,1,1
365,Walrein,181,PowderSnow,1,2
365,Walrein,55,WaterGun,1,4
365,Walrein,62,AuroraBeam,25,
365,Walrein,423,IceFang,44,
365,Walrein,59,Blizzard,52,
366,Clamperl,55,WaterGun,1,2
367,Huntail,44,Bite,6,
367,Huntail,352,WaterPulse,15,
367,Huntail,423,IceFang,24,
367,Huntail,242,Crunch,42,
367,Huntail,401,AquaTail,46,
367,Huntail,56,HydroPump,50,
368,Gorebyss,93,Confusion,6,
368,Gorebyss,352,WaterPulse,15,
368,Gorebyss,94,Psychic,42,
368,Gorebyss,401,AquaTail,46,
368,Gorebyss,56,HydroPump,50,
369,Relicanth,56,HydroPump,1,2
369,Relicanth,246,AncientPower,1,3
369,Relicanth,33,Tackle,1,5
369,Relicanth,55,WaterGun,8,
369,Relicanth,36,TakeDown,29,
369,Relicanth,246,AncientPower,43,
369,Relicanth,38,DoubleEdge,50,
369,Relicanth,56,HydroPump,71,
370,Luvdisc,33,Tackle,1,
370,Luvdisc,55,WaterGun,7,
370,Luvdisc,36,TakeDown,14,
370,Luvdisc,352,WaterPulse,22,
370,Luvdisc,56,HydroPump,40,
371,Bagon,44,Bite,5,
371,Bagon,29,Headbutt,16,
371,Bagon,52,Ember,25,
371,Bagon,225,DragonBreath,31,
371,Bagon,428,ZenHeadbutt,35,
371,Bagon,242,Crunch,46,
371,Bagon,337,DragonClaw,50,
371,Bagon,38,DoubleEdge,55,
372,Shelgon,44,Bite,1,2
372,Shelgon,29,Headbutt,1,4
372,Shelgon,44,Bite,5,
372,Shelgon,29,Headbutt,16,
372,Shelgon,52,Ember,25,
372,Shelgon,225,DragonBreath,32,
372,Shelgon,428,ZenHeadbutt,37,
372,Shelgon,242,Crunch,50,
372,Shelgon,337,DragonClaw,55,
372,Shelgon,38,DoubleEdge,61,
373,Salamence,38,DoubleEdge,1,1
373,Salamence,424,FireFang,1,2
373,Salamence,422,ThunderFang,1,3
373,Salamence,44,Bite,1,5
373,Salamence,29,Headbutt,1,7
373,Salamence,44,Bite,5,
373,Salamence,29,Headbutt,16,
373,Salamence,52,Ember,25,
373,Salamence,225,DragonBreath,32,
373,Salamence,428,ZenHeadbutt,37,
373,Salamence,242,Crunch,53,
373,Salamence,337,DragonClaw,61,
373,Salamence,38,DoubleEdge,70,
373,Salamence,525,DragonTail,80,
374,Beldum,36,TakeDown,1,
375,Metang,36,TakeDown,1,2
375,Metang,232,MetalClaw,1,3
375,Metang,93,Confusion,1,4
375,Metang,93,Confusion,20,1
375,Metang,232,MetalClaw,20,2
375,Metang,228,Pursuit,23,
375,Metang,428,ZenHeadbutt,29,
375,Metang,94,Psychic,41,
375,Metang,63,HyperBeam,50,
376,Metagross,36,TakeDown,1,2
376,Metagross,232,MetalClaw,1,3
376,Metagross,93,Confusion,1,4
376,Metagross,93,Confusion,20,1
376,Metagross,232,MetalClaw,20,2
376,Metagross,228,Pursuit,23,
376,Metagross,428,ZenHeadbutt,29,
376,Metagross,94,Psychic,41,
376,Metagross,359,HammerArm,45,
376,Metagross,63,HyperBeam,62,
377,Regirock,359,HammerArm,1,1
377,Regirock,192,ZapCannon,1,2
377,Regirock,153,Explosion,1,4
377,Regirock,88,RockThrow,9,
377,Regirock,276,Superpower,25,
377,Regirock,246,AncientPower,33,
377,Regirock,192,ZapCannon,65,
377,Regirock,444,StoneEdge,73,
377,Regirock,359,HammerArm,81,
377,Regirock,63,HyperBeam,89,
378,Regice,359,HammerArm,1,1
378,Regice,192,ZapCannon,1,2
378,Regice,153,Explosion,1,4
378,Regice,196,IcyWind,9,
378,Regice,276,Superpower,25,
378,Regice,246,AncientPower,33,
378,Regice,192,ZapCannon,65,
378,Regice,58,IceBeam,73,
378,Regice,359,HammerArm,81,
378,Regice,63,HyperBeam,89,
379,Registeel,359,HammerArm,1,1
379,Registeel,442,IronHead,1,2
379,Registeel,192,ZapCannon,1,3
379,Registeel,153,Explosion,1,5
379,Registeel,232,MetalClaw,9,
379,Registeel,276,Superpower,25,
379,Registeel,246,AncientPower,33,
379,Registeel,192,ZapCannon,65,
379,Registeel,442,IronHead,73,1
379,Registeel,430,FlashCannon,73,2
379,Registeel,359,HammerArm,81,
379,Registeel,63,HyperBeam,89,
380,Latias,406,DragonPulse,1,2
380,Latias,149,Psywave,1,7
380,Latias,225,DragonBreath,20,
380,Latias,428,ZenHeadbutt,40,
380,Latias,94,Psychic,60,
380,Latias,406,DragonPulse,80,
381,Latios,406,DragonPulse,1,2
381,Latios,149,Psywave,1,7
381,Latios,225,DragonBreath,20,
381,Latios,428,ZenHeadbutt,40,
381,Latios,94,Psychic,60,
381,Latios,406,DragonPulse,80,
382,Kyogre,352,WaterPulse,1,
382,Kyogre,58,IceBeam,35,
382,Kyogre,246,AncientPower,45,
382,Kyogre,401,AquaTail,65,
382,Kyogre,38,DoubleEdge,80,
382,Kyogre,56,HydroPump,90,
383,Groudon,341,MudShot,1,
383,Groudon,436,LavaPlume,15,
383,Groudon,359,HammerArm,20,
383,Groudon,89,Earthquake,35,
383,Groudon,246,AncientPower,45,
383,Groudon,414,EarthPower,65,
383,Groudon,76,SolarBeam,80,
383,Groudon,126,FireBlast,90,
384,Rayquaza,239,Twister,1,
384,Rayquaza,242,Crunch,15,
384,Rayquaza,403,AirSlash,35,
384,Rayquaza,246,AncientPower,45,
384,Rayquaza,200,Outrage,50,
384,Rayquaza,63,HyperBeam,80,
384,Rayquaza,406,DragonPulse,90,
385,Jirachi,93,Confusion,1,2
385,Jirachi,129,Swift,10,
385,Jirachi,94,Psychic,20,
385,Jirachi,428,ZenHeadbutt,35,
385,Jirachi,38,DoubleEdge,40,
386,Deoxys,228,Pursuit,33,
386,Deoxys,94,Psychic,41,
386,Deoxys,428,ZenHeadbutt,65,
386,Deoxys,63,HyperBeam,97,
387,Turtwig,33,Tackle,1,
387,Turtwig,71,Absorb,9,
387,Turtwig,75,RazorLeaf,13,
387,Turtwig,44,Bite,21,
387,Turtwig,72,MegaDrain,25,
387,Turtwig,242,Crunch,37,
387,Turtwig,202,GigaDrain,41,
387,Turtwig,437,LeafStorm,45,
388,Grotle,33,Tackle,1,1
388,Grotle,71,Absorb,9,
388,Grotle,75,RazorLeaf,13,
388,Grotle,44,Bite,22,
388,Grotle,72,MegaDrain,27,
388,Grotle,242,Crunch,42,
388,Grotle,202,GigaDrain,47,
388,Grotle,437,LeafStorm,52,
389,Torterra,33,Tackle,1,2
389,Torterra,71,Absorb,1,4
389,Torterra,75,RazorLeaf,1,5
389,Torterra,71,Absorb,9,
389,Torterra,75,RazorLeaf,13,
389,Torterra,44,Bite,22,
389,Torterra,72,MegaDrain,27,
389,Torterra,89,Earthquake,32,
389,Torterra,242,Crunch,45,
389,Torterra,202,GigaDrain,51,
389,Torterra,437,LeafStorm,57,
390,Chimchar,10,Scratch,1,1
390,Chimchar,52,Ember,7,
390,Chimchar,154,FurySwipes,15,
390,Chimchar,512,Acrobatics,39,
390,Chimchar,53,Flamethrower,47,
391,Monferno,10,Scratch,1,1
391,Monferno,52,Ember,1,3
391,Monferno,52,Ember,7,
391,Monferno,154,FurySwipes,16,
391,Monferno,370,CloseCombat,36,
391,Monferno,512,Acrobatics,46,
392,Infernape,10,Scratch,1,2
392,Infernape,52,Ember,1,4
392,Infernape,52,Ember,7,
392,Infernape,154,FurySwipes,16,
392,Infernape,370,CloseCombat,36,
392,Infernape,512,Acrobatics,52,
393,Piplup,1,Pound,1,
393,Piplup,145,Bubble,8,
393,Piplup,64,Peck,15,
393,Piplup,61,BubbleBeam,18,
393,Piplup,31,FuryAttack,25,
393,Piplup,56,HydroPump,43,
394,Prinplup,33,Tackle,1,1
394,Prinplup,145,Bubble,8,
394,Prinplup,64,Peck,15,
394,Prinplup,232,MetalClaw,16,
394,Prinplup,61,BubbleBeam,19,
394,Prinplup,31,FuryAttack,28,
394,Prinplup,56,HydroPump,50,
395,Empoleon,33,Tackle,1,1
395,Empoleon,145,Bubble,1,3
395,Empoleon,145,Bubble,8,
395,Empoleon,64,Peck,15,
395,Empoleon,232,MetalClaw,16,
395,Empoleon,61,BubbleBeam,19,
395,Empoleon,31,FuryAttack,28,
395,Empoleon,56,HydroPump,59,
396,Starly,33,Tackle,1,1
396,Starly,98,QuickAttack,5,
396,Starly,17,WingAttack,9,
396,Starly,36,TakeDown,29,
397,Staravia,33,Tackle,1,1
397,Staravia,98,QuickAttack,1,3
397,Staravia,98,QuickAttack,5,
397,Staravia,17,WingAttack,9,
397,Staravia,36,TakeDown,33,
398,Staraptor,33,Tackle,1,1
398,Staraptor,98,QuickAttack,1,3
398,Staraptor,17,WingAttack,1,4
398,Staraptor,98,QuickAttack,5,
398,Staraptor,17,WingAttack,9,
398,Staraptor,36,TakeDown,33,
398,Staraptor,370,CloseCombat,34,
399,Bidoof,33,Tackle,1,
399,Bidoof,205,Rollout,13,
399,Bidoof,29,Headbutt,17,
399,Bidoof,36,TakeDown,33,
399,Bidoof,276,Superpower,41,
400,Bibarel,33,Tackle,1,2
400,Bibarel,205,Rollout,13,
400,Bibarel,55,WaterGun,15,
400,Bibarel,29,Headbutt,18,
400,Bibarel,36,TakeDown,38,
400,Bibarel,276,Superpower,48,
401,Kricketot,450,BugBite,16,
402,Kricketune,210,FuryCutter,10,
402,Kricketune,141,LeechLife,14,
402,Kricketune,163,Slash,26,
402,Kricketune,404,XScissor,30,
402,Kricketune,400,NightSlash,42,
402,Kricketune,405,BugBuzz,46,
403,Shinx,33,Tackle,1,
403,Shinx,209,Spark,13,
403,Shinx,44,Bite,17,
403,Shinx,422,ThunderFang,29,
403,Shinx,242,Crunch,33,
403,Shinx,435,Discharge,41,
404,Luxio,33,Tackle,1,1
404,Luxio,209,Spark,13,
404,Luxio,44,Bite,18,
404,Luxio,422,ThunderFang,33,
404,Luxio,242,Crunch,38,
404,Luxio,435,Discharge,48,
405,Luxray,33,Tackle,1,2
405,Luxray,209,Spark,13,
405,Luxray,44,Bite,18,
405,Luxray,422,ThunderFang,35,
405,Luxray,242,Crunch,42,
405,Luxray,435,Discharge,56,
406,Budew,71,Absorb,1,
406,Budew,72,MegaDrain,13,
407,Roserade,40,PoisonSting,1,4
407,Roserade,72,MegaDrain,1,5
407,Roserade,345,MagicalLeaf,1,6
408,Cranidos,29,Headbutt,1,1
408,Cranidos,228,Pursuit,10,
408,Cranidos,36,TakeDown,15,
408,Cranidos,246,AncientPower,33,
408,Cranidos,428,ZenHeadbutt,37,
409,Rampardos,29,Headbutt,1,1
409,Rampardos,228,Pursuit,10,
409,Rampardos,36,TakeDown,15,
409,Rampardos,246,AncientPower,36,
409,Rampardos,428,ZenHeadbutt,43,
410,Shieldon,33,Tackle,1,1
410,Shieldon,36,TakeDown,15,
410,Shieldon,246,AncientPower,28,
410,Shieldon,442,IronHead,42,
410,Shieldon,484,HeavySlam,46,
411,Bastiodon,33,Tackle,1,1
411,Bastiodon,36,TakeDown,15,
411,Bastiodon,246,AncientPower,28,
411,Bastiodon,442,IronHead,51,
411,Bastiodon,484,HeavySlam,58,
412,Burmy,33,Tackle,10,
412,Burmy,450,BugBite,15,
413,Wormadam,33,Tackle,1,
413,Wormadam,450,BugBite,15,
413,Wormadam,93,Confusion,23,
413,Wormadam,75,RazorLeaf,26,
413,Wormadam,60,Psybeam,32,
413,Wormadam,94,Psychic,44,
413,Wormadam,437,LeafStorm,47,
414,Mothim,33,Tackle,1,
414,Mothim,450,BugBite,15,
414,Mothim,93,Confusion,23,
414,Mothim,16,Gust,26,
414,Mothim,60,Psybeam,32,
414,Mothim,403,AirSlash,41,
414,Mothim,94,Psychic,44,
414,Mothim,405,BugBuzz,47,
415,Combee,16,Gust,1,2
415,Combee,450,BugBite,13,
415,Combee,405,BugBuzz,29,
416,Vespiquen,16,Gust,1,4
416,Vespiquen,40,PoisonSting,1,5
416,Vespiquen,210,FuryCutter,5,
416,Vespiquen,228,Pursuit,9,
416,Vespiquen,154,FurySwipes,13,
416,Vespiquen,163,Slash,21,
416,Vespiquen,408,PowerGem,25,
416,Vespiquen,403,AirSlash,37,
417,Pachirisu,98,QuickAttack,5,
417,Pachirisu,209,Spark,13,
417,Pachirisu,129,Swift,21,
417,Pachirisu,486,ElectroBall,25,
417,Pachirisu,435,Discharge,41,
418,Buizel,98,QuickAttack,11,
418,Buizel,55,WaterGun,15,
418,Buizel,228,Pursuit,18,
418,Buizel,129,Swift,21,
418,Buizel,401,AquaTail,38,
418,Buizel,56,HydroPump,45,
419,Floatzel,423,IceFang,1,1
419,Floatzel,242,Crunch,1,2
419,Floatzel,98,QuickAttack,1,6
419,Floatzel,98,QuickAttack,11,
419,Floatzel,55,WaterGun,15,
419,Floatzel,228,Pursuit,18,
419,Floatzel,129,Swift,21,
419,Floatzel,401,AquaTail,46,
419,Floatzel,56,HydroPump,57,
420,Cherubi,33,Tackle,1,2
420,Cherubi,345,MagicalLeaf,19,
420,Cherubi,36,TakeDown,31,
420,Cherubi,76,SolarBeam,37,
421,Cherrim,33,Tackle,1,2
421,Cherrim,345,MagicalLeaf,19,
421,Cherrim,36,TakeDown,35,
421,Cherrim,76,SolarBeam,43,
422,Shellos,189,MudSlap,1,
422,Shellos,352,WaterPulse,7,
422,Shellos,426,MudBomb,11,
423,Gastrodon,189,MudSlap,1,1
423,Gastrodon,352,WaterPulse,1,4
423,Gastrodon,352,WaterPulse,7,
423,Gastrodon,426,MudBomb,11,
424,Ambipom,10,Scratch,1,1
424,Ambipom,310,Astonish,1,4
424,Ambipom,310,Astonish,8,
424,Ambipom,154,FurySwipes,18,
424,Ambipom,129,Swift,22,
425,Drifloon,310,Astonish,4,
425,Drifloon,16,Gust,8,
425,Drifloon,506,Hex,27,
425,Drifloon,247,ShadowBall,36,
425,Drifloon,153,Explosion,50,
426,Drifblim,310,Astonish,1,4
426,Drifblim,16,Gust,1,5
426,Drifblim,310,Astonish,4,
426,Drifblim,16,Gust,8,
426,Drifblim,506,Hex,27,
426,Drifblim,247,ShadowBall,40,
426,Drifblim,153,Explosion,60,
427,Buneary,1,Pound,1,3
427,Buneary,98,QuickAttack,16,
428,Lopunny,1,Pound,1,8
428,Lopunny,98,QuickAttack,16,
429,Mismagius,408,PowerGem,1,1
429,Mismagius,345,MagicalLeaf,1,4
429,Mismagius,149,Psywave,1,6
429,Mismagius,310,Astonish,1,8
430,Honchkrow,400,NightSlash,1,1
430,Honchkrow,389,SuckerPunch,1,2
430,Honchkrow,310,Astonish,1,3
430,Honchkrow,228,Pursuit,1,4
430,Honchkrow,17,WingAttack,1,6
430,Honchkrow,400,NightSlash,55,
430,Honchkrow,399,DarkPulse,75,
431,Glameow,10,Scratch,5,
431,Glameow,185,FeintAttack,17,
431,Glameow,154,FurySwipes,20,
431,Glameow,163,Slash,37,
431,Glameow,389,SuckerPunch,41,
431,Glameow,583,PlayRough,50,
432,Purugly,10,Scratch,1,2
432,Purugly,10,Scratch,5,
432,Purugly,185,FeintAttack,17,
432,Purugly,154,FurySwipes,20,
432,Purugly,163,Slash,37,
433,Chingling,310,Astonish,9,
433,Chingling,93,Confusion,14,
434,Stunky,10,Scratch,1,1
434,Stunky,154,FurySwipes,10,
434,Stunky,163,Slash,22,
434,Stunky,400,NightSlash,37,
434,Stunky,153,Explosion,49,
435,Skuntank,10,Scratch,1,1
435,Skuntank,154,FurySwipes,10,
435,Skuntank,163,Slash,22,
435,Skuntank,53,Flamethrower,34,
435,Skuntank,400,NightSlash,41,
435,Skuntank,153,Explosion,61,
436,Bronzor,33,Tackle,1,1
436,Bronzor,93,Confusion,1,2
436,Bronzor,149,Psywave,15,
436,Bronzor,185,FeintAttack,21,
436,Bronzor,360,GyroBall,35,
436,Bronzor,326,Extrasensory,39,
436,Bronzor,484,HeavySlam,49,
437,Bronzong,33,Tackle,1,3
437,Bronzong,93,Confusion,1,4
437,Bronzong,149,Psywave,15,
437,Bronzong,185,FeintAttack,21,
437,Bronzong,360,GyroBall,36,
437,Bronzong,326,Extrasensory,42,
437,Bronzong,484,HeavySlam,58,
438,Bonsly,67,LowKick,8,
438,Bonsly,88,RockThrow,12,
438,Bonsly,185,FeintAttack,19,
438,Bonsly,157,RockSlide,29,
438,Bonsly,389,SuckerPunch,36,
438,Bonsly,38,DoubleEdge,40,
439,Mime Jr.,93,Confusion,1,3
439,Mime Jr.,60,Psybeam,25,
439,Mime Jr.,94,Psychic,39,
440,Happiny,1,Pound,1,1
441,Chatot,64,Peck,1,5
441,Chatot,31,FuryAttack,17,
442,Spiritomb,228,Pursuit,1,2
442,Spiritomb,425,ShadowSneak,1,5
442,Spiritomb,185,FeintAttack,7,
442,Spiritomb,389,SuckerPunch,31,
442,Spiritomb,399,DarkPulse,49,
443,Gible,33,Tackle,1,
443,Gible,82,DragonRage,7,
443,Gible,36,TakeDown,15,
443,Gible,328,SandTomb,19,
443,Gible,163,Slash,25,
443,Gible,337,DragonClaw,27,
443,Gible,407,DragonRush,37,
444,Gabite,33,Tackle,1,1
444,Gabite,82,DragonRage,7,
444,Gabite,36,TakeDown,15,
444,Gabite,328,SandTomb,19,
444,Gabite,163,Slash,28,
444,Gabite,337,DragonClaw,33,
444,Gabite,407,DragonRush,49,
445,Garchomp,424,FireFang,1,1
445,Garchomp,33,Tackle,1,2
445,Garchomp,82,DragonRage,1,4
445,Garchomp,82,DragonRage,7,
445,Garchomp,36,TakeDown,15,
445,Garchomp,328,SandTomb,19,
445,Garchomp,163,Slash,28,
445,Garchomp,337,DragonClaw,33,
445,Garchomp,242,Crunch,48,
445,Garchomp,407,DragonRush,55,
446,Munchlax,122,Lick,1,3
446,Munchlax,33,Tackle,1,6
446,Munchlax,122,Lick,12,
446,Munchlax,205,Rollout,36,
447,Riolu,98,QuickAttack,1,2
448,Lucario,406,DragonPulse,1,2
448,Lucario,370,CloseCombat,1,3
448,Lucario,98,QuickAttack,1,6
448,Lucario,232,MetalClaw,1,8
448,Lucario,370,CloseCombat,55,
448,Lucario,406,DragonPulse,60,
449,Hippopotas,33,Tackle,1,1
449,Hippopotas,44,Bite,7,
449,Hippopotas,36,TakeDown,19,1
449,Hippopotas,328,SandTomb,25,
449,Hippopotas,242,Crunch,31,
449,Hippopotas,89,Earthquake,37,
449,Hippopotas,38,DoubleEdge,44,
450,Hippowdon,423,IceFang,1,1
450,Hippowdon,424,FireFang,1,2
450,Hippowdon,422,ThunderFang,1,3
450,Hippowdon,33,Tackle,1,4
450,Hippowdon,44,Bite,1,6
450,Hippowdon,44,Bite,7,
450,Hippowdon,36,TakeDown,19,1
450,Hippowdon,328,SandTomb,25,
450,Hippowdon,242,Crunch,31,
450,Hippowdon,89,Earthquake,40,
450,Hippowdon,38,DoubleEdge,50,
451,Skorupi,44,Bite,1,1
451,Skorupi,40,PoisonSting,1,2
451,Skorupi,228,Pursuit,16,
451,Skorupi,450,BugBite,20,
451,Skorupi,400,NightSlash,38,
451,Skorupi,242,Crunch,45,
452,Drapion,422,ThunderFang,1,1
452,Drapion,423,IceFang,1,2
452,Drapion,424,FireFang,1,3
452,Drapion,44,Bite,1,4
452,Drapion,40,PoisonSting,1,5
452,Drapion,228,Pursuit,16,
452,Drapion,450,BugBite,20,
452,Drapion,400,NightSlash,38,
452,Drapion,242,Crunch,49,
453,Croagunk,310,Astonish,1,
453,Croagunk,189,MudSlap,3,
453,Croagunk,40,PoisonSting,8,
453,Croagunk,228,Pursuit,15,
453,Croagunk,185,FeintAttack,17,
453,Croagunk,279,Revenge,22,
453,Croagunk,426,MudBomb,29,
453,Croagunk,389,SuckerPunch,31,
453,Croagunk,398,PoisonJab,43,
454,Toxicroak,310,Astonish,1,1
454,Toxicroak,189,MudSlap,1,2
454,Toxicroak,40,PoisonSting,1,3
454,Toxicroak,189,MudSlap,3,
454,Toxicroak,40,PoisonSting,8,
454,Toxicroak,228,Pursuit,15,
454,Toxicroak,185,FeintAttack,17,
454,Toxicroak,279,Revenge,22,
454,Toxicroak,426,MudBomb,29,
454,Toxicroak,389,SuckerPunch,31,
454,Toxicroak,398,PoisonJab,49,
455,Carnivine,44,Bite,7,
455,Carnivine,22,VineWhip,11,
455,Carnivine,185,FeintAttack,27,
455,Carnivine,242,Crunch,41,
456,Finneon,1,Pound,1,
456,Finneon,55,WaterGun,6,
456,Finneon,16,Gust,17,
456,Finneon,352,WaterPulse,22,
457,Lumineon,16,Gust,1,2
457,Lumineon,1,Pound,1,3
457,Lumineon,55,WaterGun,1,4
457,Lumineon,55,WaterGun,6,
457,Lumineon,16,Gust,17,
457,Lumineon,352,WaterPulse,22,
458,Mantyke,33,Tackle,1,1
458,Mantyke,145,Bubble,1,2
458,Mantyke,61,BubbleBeam,7,
458,Mantyke,17,WingAttack,14,
458,Mantyke,29,Headbutt,16,
458,Mantyke,352,WaterPulse,19,
458,Mantyke,36,TakeDown,27,
458,Mantyke,403,AirSlash,36,
458,Mantyke,56,HydroPump,49,
459,Snover,181,PowderSnow,1,1
459,Snover,75,RazorLeaf,5,
459,Snover,196,IcyWind,9,
459,Snover,420,IceShard,26,
459,Snover,59,Blizzard,41,
460,Abomasnow,8,IcePunch,1,1
460,Abomasnow,181,PowderSnow,1,2
460,Abomasnow,75,RazorLeaf,1,4
460,Abomasnow,196,IcyWind,1,5
460,Abomasnow,75,RazorLeaf,5,
460,Abomasnow,196,IcyWind,9,
460,Abomasnow,420,IceShard,26,
460,Abomasnow,59,Blizzard,47,
461,Weavile,279,Revenge,1,2
461,Weavile,10,Scratch,1,4
461,Weavile,98,QuickAttack,1,7
461,Weavile,98,QuickAttack,8,
461,Weavile,185,FeintAttack,10,
461,Weavile,196,IcyWind,14,
461,Weavile,154,FurySwipes,16,
461,Weavile,232,MetalClaw,22,
461,Weavile,400,NightSlash,35,
461,Weavile,399,DarkPulse,47,
462,Magnezone,192,ZapCannon,1,1
462,Magnezone,33,Tackle,1,5
462,Magnezone,84,ThunderShock,7,
462,Magnezone,209,Spark,21,
462,Magnezone,486,ElectroBall,34,
462,Magnezone,430,FlashCannon,39,
462,Magnezone,435,Discharge,51,
462,Magnezone,360,GyroBall,67,
462,Magnezone,192,ZapCannon,73,
463,Lickilicky,122,Lick,1,3
463,Lickilicky,205,Rollout,33,
463,Lickilicky,360,GyroBall,61,
464,Rhyperior,398,PoisonJab,1,4
464,Rhyperior,31,FuryAttack,1,8
464,Rhyperior,31,FuryAttack,19,1
464,Rhyperior,350,RockBlast,23,
464,Rhyperior,36,TakeDown,41,
464,Rhyperior,359,HammerArm,42,
464,Rhyperior,444,StoneEdge,56,
464,Rhyperior,89,Earthquake,62,
465,Tangrowth,22,VineWhip,7,
465,Tangrowth,71,Absorb,10,
465,Tangrowth,72,MegaDrain,23,
465,Tangrowth,202,GigaDrain,36,
465,Tangrowth,246,AncientPower,40,
466,Electivire,7,FirePunch,1,3
466,Electivire,98,QuickAttack,1,4
466,Electivire,84,ThunderShock,1,6
466,Electivire,67,LowKick,1,7
466,Electivire,84,ThunderShock,5,
466,Electivire,67,LowKick,8,
466,Electivire,129,Swift,12,
466,Electivire,486,ElectroBall,22,
466,Electivire,9,ThunderPunch,29,
466,Electivire,435,Discharge,36,
466,Electivire,85,Thunderbolt,49,
466,Electivire,87,Thunder,55,
467,Magmortar,9,ThunderPunch,1,1
467,Magmortar,123,Smog,1,2
467,Magmortar,52,Ember,1,4
467,Magmortar,52,Ember,5,
467,Magmortar,185,FeintAttack,12,
467,Magmortar,7,FirePunch,29,
467,Magmortar,436,LavaPlume,36,
467,Magmortar,53,Flamethrower,49,
467,Magmortar,126,FireBlast,55,
467,Magmortar,63,HyperBeam,62,
468,Togekiss,403,AirSlash,1,5
469,Yanmega,405,BugBuzz,1,1
469,Yanmega,403,AirSlash,1,2
469,Yanmega,400,NightSlash,1,3
469,Yanmega,450,BugBite,1,4
469,Yanmega,33,Tackle,1,5
469,Yanmega,98,QuickAttack,1,7
469,Yanmega,98,QuickAttack,6,
469,Yanmega,228,Pursuit,30,
469,Yanmega,246,AncientPower,33,
469,Yanmega,163,Slash,43,
469,Yanmega,403,AirSlash,54,
469,Yanmega,405,BugBuzz,57,
470,Leafeon,33,Tackle,1,2
470,Leafeon,75,RazorLeaf,9,
470,Leafeon,98,QuickAttack,13,
470,Leafeon,345,MagicalLeaf,20,
470,Leafeon,202,GigaDrain,25,
471,Glaceon,33,Tackle,1,2
471,Glaceon,196,IcyWind,9,
471,Glaceon,98,QuickAttack,13,
471,Glaceon,44,Bite,17,
471,Glaceon,423,IceFang,20,
471,Glaceon,420,IceShard,25,
471,Glaceon,59,Blizzard,45,
472,Gliscor,422,ThunderFang,1,2
472,Gliscor,423,IceFang,1,3
472,Gliscor,424,FireFang,1,4
472,Gliscor,398,PoisonJab,1,5
472,Gliscor,98,QuickAttack,13,
472,Gliscor,210,FuryCutter,16,
472,Gliscor,185,FeintAttack,19,
472,Gliscor,512,Acrobatics,22,
472,Gliscor,400,NightSlash,27,
472,Gliscor,404,XScissor,40,
473,Mamoswine,246,AncientPower,1,2
473,Mamoswine,64,Peck,1,3
473,Mamoswine,181,PowderSnow,1,6
473,Mamoswine,181,PowderSnow,8,
473,Mamoswine,189,MudSlap,11,
473,Mamoswine,426,MudBomb,18,
473,Mamoswine,423,IceFang,24,
473,Mamoswine,36,TakeDown,28,
473,Mamoswine,89,Earthquake,46,
473,Mamoswine,59,Blizzard,52,
474,Porygon-Z,192,ZapCannon,1,2
474,Porygon-Z,33,Tackle,1,5
474,Porygon-Z,60,Psybeam,7,
474,Porygon-Z,324,SignalBeam,29,
474,Porygon-Z,435,Discharge,40,
474,Porygon-Z,192,ZapCannon,62,
474,Porygon-Z,63,HyperBeam,67,
475,Gallade,370,CloseCombat,1,2
475,Gallade,400,NightSlash,1,4
475,Gallade,93,Confusion,1,6
475,Gallade,93,Confusion,6,
475,Gallade,210,FuryCutter,17,
475,Gallade,163,Slash,22,
475,Gallade,370,CloseCombat,59,
476,Probopass,33,Tackle,1,3
476,Probopass,350,RockBlast,18,
476,Probopass,209,Spark,25,
476,Probopass,157,RockSlide,29,
476,Probopass,408,PowerGem,32,
476,Probopass,435,Discharge,39,
476,Probopass,414,EarthPower,43,
476,Probopass,444,StoneEdge,46,
476,Probopass,192,ZapCannon,50,2
477,Dusknoir,7,FirePunch,1,1
477,Dusknoir,8,IcePunch,1,2
477,Dusknoir,9,ThunderPunch,1,3
477,Dusknoir,310,Astonish,14,
477,Dusknoir,425,ShadowSneak,22,
477,Dusknoir,228,Pursuit,25,
477,Dusknoir,506,Hex,42,
478,Froslass,181,PowderSnow,1,2
478,Froslass,310,Astonish,1,5
478,Froslass,310,Astonish,10,
478,Froslass,196,IcyWind,13,
478,Froslass,358,WakeUpSlap,28,
478,Froslass,420,IceShard,37,
478,Froslass,59,Blizzard,51,
479,Rotom,435,Discharge,1,1
479,Rotom,310,Astonish,1,4
479,Rotom,84,ThunderShock,1,6
479,Rotom,486,ElectroBall,43,
479,Rotom,506,Hex,50,
479,Rotom,435,Discharge,64,
480,Uxie,93,Confusion,1,5
480,Uxie,129,Swift,21,
480,Uxie,326,Extrasensory,50,
481,Mesprit,93,Confusion,1,5
481,Mesprit,129,Swift,21,
481,Mesprit,326,Extrasensory,50,
482,Azelf,93,Confusion,1,4
482,Azelf,129,Swift,21,
482,Azelf,326,Extrasensory,50,
482,Azelf,153,Explosion,76,
483,Dialga,225,DragonBreath,1,1
483,Dialga,232,MetalClaw,6,
483,Dialga,246,AncientPower,10,
483,Dialga,163,Slash,15,
483,Dialga,408,PowerGem,19,
483,Dialga,337,DragonClaw,28,
483,Dialga,414,EarthPower,33,
483,Dialga,430,FlashCannon,50,
484,Palkia,225,DragonBreath,1,1
484,Palkia,352,WaterPulse,6,
484,Palkia,246,AncientPower,10,
484,Palkia,163,Slash,15,
484,Palkia,408,PowerGem,19,
484,Palkia,401,AquaTail,24,
484,Palkia,337,DragonClaw,28,
484,Palkia,414,EarthPower,33,
484,Palkia,401,AquaTail,42,
484,Palkia,56,HydroPump,50,
485,Heatran,414,EarthPower,1,3
485,Heatran,442,IronHead,1,4
485,Heatran,246,AncientPower,1,6
485,Heatran,424,FireFang,17,
485,Heatran,242,Crunch,33,
485,Heatran,436,LavaPlume,49,
485,Heatran,442,IronHead,65,
485,Heatran,414,EarthPower,73,
485,Heatran,444,StoneEdge,88,
486,Regigigas,484,HeavySlam,1,1
486,Regigigas,7,FirePunch,1,3
486,Regigigas,8,IcePunch,1,4
486,Regigigas,9,ThunderPunch,1,5
486,Regigigas,279,Revenge,25,
486,Regigigas,428,ZenHeadbutt,50,
486,Regigigas,484,HeavySlam,90,
487,Giratina,225,DragonBreath,1,1
487,Giratina,246,AncientPower,10,
487,Giratina,163,Slash,15,
487,Giratina,425,ShadowSneak,19,
487,Giratina,337,DragonClaw,28,
487,Giratina,414,EarthPower,33,
487,Giratina,506,Hex,50,
488,Cresselia,93,Confusion,1,5
488,Cresselia,62,AuroraBeam,29,
488,Cresselia,163,Slash,47,
488,Cresselia,94,Psychic,93,
488,Cresselia,585,Moonblast,99,
489,Phione,145,Bubble,1,1
489,Phione,61,BubbleBeam,24,
489,Phione,352,WaterPulse,46,
490,Manaphy,145,Bubble,1,2
490,Manaphy,61,BubbleBeam,24,
490,Manaphy,352,WaterPulse,46,
491,Darkrai,98,QuickAttack,11,
491,Darkrai,185,FeintAttack,29,
491,Darkrai,399,DarkPulse,93,
492,Shaymin,345,MagicalLeaf,10,
493,Arceus,414,EarthPower,20,
493,Arceus,63,HyperBeam,80,
