DexNumber,Name,DefName,Generation,Type1,Type2,HP,Attack,Defense,SpAttack,SpDefense,Speed,Size,SizeMulti,Mass,GenderDifference,BaseFriendship,GenderLess,FemaleRatio,EvolTier,EvolLine,EvolMax,LvlBasedEvolution,EvolLvl,Baby,Fossil,Legendary,ParticularSpawn,Rarity,MinWildLvl,MaxWildLvl,XpCategory,CatchRate,EggGroup1,EggGroup2,EggCycles,EggLayTime,EggHatchTime,ExpYield,HPEv,AttackEv,DefenseEv,SpAttackEv,SpDefenseEv,SpeedEv,RimworldShape
1,Bulbasaur,Bulbasaur,1,Grass,Poison,45,49,49,65,65,45,0.7,1,6.9,0,50,0,0.125,1,1,0,1,16,0,0,0,0,3,5,12,MediumSlow,45,Monster,Grass,20,6.7,13.3,64,0,0,0,1,0,0,QuadrupedPokemonWithPaws
2,Ivysaur,Ivysaur,1,Grass,Poison,60,62,63,80,80,60,1,1,13,0,50,0,0.125,2,1,0,1,32,0,0,0,0,5,20,27,MediumSlow,45,Monster,Grass,20,6.7,13.3,141,0,0,0,1,1,0,QuadrupedPokemonWithPaws
3,Venusaur,Venusaur,1,Grass,Poison,80,82,83,100,100,80,2,1,100,1,50,0,0.125,3,1,1,0,0,0,0,0,0,7,35,42,MediumSlow,45,Monster,Grass,20,6.7,13.3,208,0,0,0,2,1,0,QuadrupedPokemonWithPaws
4,Charmander,Charmander,1,Fire,,39,52,43,60,50,65,0.6,1,8.5,0,50,0,0.125,1,2,0,1,16,0,0,0,0,3,5,12,MediumSlow,45,Monster,Dragon,20,6.7,13.3,65,0,0,0,0,0,1,BipedPokemonWithTail
5,Charmeleon,Charmeleon,1,Fire,,58,64,58,80,65,80,1.1,1,19,0,50,0,0.125,2,2,0,1,36,0,0,0,0,5,20,27,MediumSlow,45,Monster,Dragon,20,6.7,13.3,142,0,0,0,1,0,1,BipedPokemonWithTail
6,Charizard,Charizard,1,Fire,Flying,78,84,78,109,85,100,1.7,1,90.5,0,50,0,0.125,3,2,1,0,0,0,0,0,0,7,36,42,MediumSlow,45,Monster,Dragon,20,6.7,13.3,209,0,0,0,3,0,0,BipedPokemonWithTail
7,Squirtle,Squirtle,1,Water,,44,48,65,50,64,43,0.5,1,9,0,50,0,0.125,1,3,0,1,16,0,0,0,0,3,5,12,MediumSlow,45,Monster,Water1,20,6.7,13.3,66,0,0,1,0,0,0,BipedPokemonWithTail
8,Wartortle,Wartortle,1,Water,,59,63,80,65,80,58,1,1,22.5,0,50,0,0.125,2,3,0,1,36,0,0,0,0,5,20,27,MediumSlow,45,Monster,Water1,20,6.7,13.3,143,0,0,1,0,1,0,BipedPokemonWithTail
9,Blastoise,Blastoise,1,Water,,79,83,100,85,105,78,1.6,1,85.5,0,50,0,0.125,3,3,1,0,0,0,0,0,0,7,36,42,MediumSlow,45,Monster,Water1,20,6.7,13.3,210,0,0,0,0,3,0,BipedPokemonWithTail
10,Caterpie,Caterpie,1,Bug,,45,30,35,20,20,45,0.3,1,2.9,0,50,0,0.5,1,4,0,1,7,0,0,0,0,1,2,5,MediumFast,255,Bug,,15,5,10,53,1,0,0,0,0,0,InsectPokemonWith6Legs
11,Metapod,Metapod,1,Bug,,50,20,55,25,25,30,0.7,1,9.9,0,50,0,0.5,2,4,0,1,10,0,0,0,0,3,6,8,MediumFast,120,Bug,,15,5,10,72,0,0,2,0,0,0,SnakePokemon
12,Butterfree,Butterfree,1,Bug,Flying,60,45,50,90,80,70,1.1,1,32,0,50,0,0.5,3,4,1,0,0,0,0,0,0,5,15,25,MediumFast,45,Bug,,15,5,10,160,0,0,0,2,1,0,InsectPokemonWithWingsAndLegs
13,Weedle,Weedle,1,Bug,Poison,40,35,30,20,20,50,0.3,1,3.2,0,50,0,0.5,1,5,0,1,7,0,0,0,0,1,2,5,MediumFast,255,Bug,,15,5,10,52,0,0,0,0,0,1,InsectPokemonWith6Legs
14,Kakuna,Kakuna,1,Bug,Poison,45,25,50,25,25,35,0.6,1,10,0,50,0,0.5,2,5,0,1,10,0,0,0,0,3,5,8,MediumFast,120,Bug,,15,5,10,71,0,0,2,0,0,0,SnakePokemon
15,Beedrill,Beedrill,1,Bug,Poison,65,90,40,45,80,75,1,1,29.5,0,50,0,0.5,3,5,1,0,0,0,0,0,0,5,15,25,MediumFast,45,Bug,,15,5,10,159,0,2,0,0,1,0,InsectPokemonWithWingsAndLegs
16,Pidgey,Pidgey,1,Normal,Flying,40,45,40,35,35,56,0.3,1,1.8,0,50,0,0.5,1,6,0,1,18,0,0,0,0,1,3,10,MediumSlow,255,Flying,,15,5,10,55,0,0,0,0,0,1,WingedPokemonWithBeak
17,Pidgeotto,Pidgeotto,1,Normal,Flying,63,60,55,50,50,71,1.1,1,30,0,50,0,0.5,2,6,0,1,36,0,0,0,0,4,20,27,MediumSlow,120,Flying,,15,5,10,113,0,0,0,0,0,2,WingedPokemonWithBeak
18,Pidgeot,Pidgeot,1,Normal,Flying,83,80,75,70,70,101,1.5,1,39.5,0,50,0,0.5,3,6,1,0,0,0,0,0,0,6,36,42,MediumSlow,45,Flying,,15,5,10,172,0,0,0,0,0,3,WingedPokemonWithBeak
19,Rattata,Rattata,1,Normal,,30,56,35,25,35,72,0.3,1,3.5,0,50,0,0.5,1,7,0,1,20,0,0,0,0,1,3,8,MediumFast,255,Field,,15,5,10,57,0,0,0,0,0,1,QuadrupedPokemonWithPaws
20,Raticate,Raticate,1,Normal,,55,81,60,50,70,97,0.7,1,18.5,0,50,0,0.5,2,7,1,0,0,0,0,0,0,4,22,29,MediumFast,127,Field,,15,5,10,116,0,0,0,0,0,2,QuadrupedPokemonWithPaws
21,Spearow,Spearow,1,Normal,Flying,40,60,30,31,31,70,0.3,1,2,0,50,0,0.5,1,8,0,1,20,0,0,0,0,1,3,10,MediumFast,255,Flying,,15,5,10,58,0,0,0,0,0,1,WingedPokemonWithBeak
22,Fearow,Fearow,1,Normal,Flying,65,90,65,61,61,100,1.2,1,38,0,50,0,0.5,2,8,1,0,0,0,0,0,0,5,23,30,MediumFast,90,Flying,,15,5,10,162,0,0,0,0,0,2,WingedPokemonWithBeak
23,Ekans,Ekans,1,Poison,,35,60,44,40,54,55,1,1,6.9,0,50,0,0.5,1,9,0,1,22,0,0,0,0,1,4,12,MediumFast,255,Field,Dragon,20,6.7,13.3,62,0,1,0,0,0,0,SnakePokemon
24,Arbok,Arbok,1,Poison,,60,95,69,65,79,80,1.8,1,65,0,50,0,0.5,2,9,1,0,0,0,0,0,0,5,23,29,MediumFast,90,Field,Dragon,20,6.7,13.3,147,0,2,0,0,0,0,SnakePokemon
25,Pikachu,Pikachu,1,Electric,,35,55,40,50,50,90,0.4,1,6,1,50,0,0.5,2,10,0,0,0,0,0,0,0,3,5,12,MediumFast,190,Field,Fairy,10,3.3,6.7,82,0,0,0,0,0,2,QuadrupedPokemonWithPaws
26,Raichu,Raichu,1,Electric,,60,90,55,90,80,110,0.8,1,30,0,50,0,0.5,3,10,1,0,0,0,0,0,0,6,23,29,MediumFast,75,Field,Fairy,10,3.3,6.7,122,0,0,0,0,0,3,BipedPokemonWithTail
27,Sandshrew,Sandshrew,1,Ground,,50,75,85,20,30,40,0.6,1,12,0,50,0,0.5,1,11,0,1,22,0,0,0,0,1,4,12,MediumFast,255,Field,,20,6.7,13.3,93,0,0,1,0,0,0,BipedPokemonWithTail
28,Sandslash,Sandslash,1,Ground,,75,100,110,45,55,65,1,1,29.5,0,50,0,0.5,2,11,1,0,0,0,0,0,0,5,23,29,MediumFast,90,Field,,20,6.7,13.3,163,0,0,2,0,0,0,BipedPokemonWithTail
29,Nidoran?,NidoranF,1,Poison,,55,47,52,40,40,41,0.4,1,7,0,50,0,1,1,12,0,1,16,0,0,0,0,1,3,10,MediumSlow,235,Monster,Field,20,6.7,13.3,59,1,0,0,0,0,0,QuadrupedPokemonWithPaws
30,Nidorina,Nidorina,1,Poison,,70,62,67,55,55,56,0.8,1,20,0,50,0,1,2,12,0,0,0,0,0,0,0,4,18,25,MediumSlow,120,Monster,Field,20,6.7,13.3,117,2,0,0,0,0,0,QuadrupedPokemonWithPaws
31,Nidoqueen,Nidoqueen,1,Poison,Ground,90,92,87,75,85,76,1.3,1,60,0,50,0,1,3,12,1,0,0,0,0,0,0,6,32,40,MediumSlow,45,Monster,Field,20,6.7,13.3,194,3,0,0,0,0,0,BipedPokemonWithTail
32,Nidoran?,NidoranM,1,Poison,,46,57,40,40,40,50,0.5,1,9,0,50,0,0,1,13,0,1,16,0,0,0,0,1,3,10,MediumSlow,235,Monster,Field,20,6.7,13.3,60,0,1,0,0,0,0,QuadrupedPokemonWithPaws
33,Nidorino,Nidorino,1,Poison,,61,72,57,55,55,65,0.9,1,19.5,0,50,0,0,2,13,0,0,0,0,0,0,0,4,18,25,MediumSlow,120,Monster,Field,20,6.7,13.3,118,0,2,0,0,0,0,QuadrupedPokemonWithPaws
34,Nidoking,Nidoking,1,Poison,Ground,81,102,77,85,75,85,1.4,1,62,0,50,0,0,3,13,1,0,0,0,0,0,0,6,32,40,MediumSlow,45,Monster,Field,20,6.7,13.3,195,0,3,0,0,0,0,BipedPokemonWithTail
35,Clefairy,Clefairy,1,Fairy,,70,45,48,60,65,35,0.6,1,7.5,0,140,0,0.75,2,14,0,0,0,0,0,0,0,3,8,15,Fast,150,Fairy,,10,3.3,6.7,68,2,0,0,0,0,0,BipedPokemonWithTail
36,Clefable,Clefable,1,Fairy,,95,70,73,95,90,60,1.3,1,40,0,140,0,0.75,3,14,1,0,0,0,0,0,0,6,22,30,Fast,25,Fairy,,10,3.3,6.7,129,3,0,0,0,0,0,BipedPokemonWithTail
37,Vulpix,Vulpix,1,Fire,,38,41,40,50,65,65,0.6,1,9.9,0,50,0,0.75,1,15,0,0,0,0,0,0,0,3,8,15,MediumFast,190,Field,,20,6.7,13.3,63,0,0,0,0,0,1,QuadrupedPokemonWithPaws
38,Ninetales,Ninetales,1,Fire,,73,76,75,81,100,100,1.1,1,19.9,0,50,0,0.75,2,15,1,0,0,0,0,0,0,6,22,30,MediumFast,75,Field,,20,6.7,13.3,178,0,0,0,1,1,0,QuadrupedPokemonWithPaws
39,Jigglypuff,Jigglypuff,1,Normal,Fairy,115,45,20,45,25,20,0.5,1,5.5,0,50,0,0.75,2,16,0,0,0,0,0,0,0,2,8,15,Fast,170,Fairy,,10,3.3,6.7,76,2,0,0,0,0,0,BipedPokemon
40,Wigglytuff,Wigglytuff,1,Normal,Fairy,140,70,45,85,50,45,1,1,12,0,50,0,0.75,3,16,1,0,0,0,0,0,0,6,22,30,Fast,50,Fairy,,10,3.3,6.7,109,3,0,0,0,0,0,BipedPokemon
41,Zubat,Zubat,1,Poison,Flying,40,45,35,30,40,55,0.8,1,7.5,0,50,0,0.5,1,17,0,1,22,0,0,0,0,1,3,10,MediumFast,255,Flying,,15,5,10,54,0,0,0,0,0,1,WingedPokemonWithJaw
42,Golbat,Golbat,1,Poison,Flying,75,80,70,65,75,90,1.6,1,55,0,50,0,0.5,2,17,0,0,0,0,0,0,0,4,22,27,MediumFast,90,Flying,,15,5,10,171,0,0,0,0,0,2,WingedPokemonWithJaw
43,Oddish,Oddish,1,Grass,Poison,45,50,55,75,65,30,0.5,1,5.4,0,50,0,0.5,1,18,0,1,21,0,0,0,0,1,4,12,MediumSlow,255,Grass,,20,6.7,13.3,78,0,0,0,1,0,0,HeadPokemonWithLegs
44,Gloom,Gloom,1,Grass,Poison,60,65,70,85,75,40,0.8,1,8.6,0,50,0,0.5,2,18,0,0,0,0,0,0,0,4,21,26,MediumSlow,120,Grass,,20,6.7,13.3,132,0,0,0,2,0,0,BipedPokemon
45,Vileplume,Vileplume,1,Grass,Poison,75,80,85,110,90,50,1.2,1,18.6,0,50,0,0.5,3,18,1,0,0,0,0,0,0,6,32,38,MediumSlow,45,Grass,,20,6.7,13.3,184,0,0,0,3,0,0,BipedPokemon
46,Paras,Paras,1,Bug,Grass,35,70,55,45,55,25,0.3,1,5.4,0,50,0,0.5,1,19,0,1,24,0,0,0,0,1,4,12,MediumFast,190,Bug,Grass,20,6.7,13.3,70,0,1,0,0,0,0,InsectPokemonWith4LegsAndClaws
47,Parasect,Parasect,1,Bug,Grass,60,95,80,60,80,30,1,1,29.5,0,50,0,0.5,2,19,1,0,0,0,0,0,0,5,24,30,MediumFast,75,Bug,Grass,20,6.7,13.3,128,0,2,1,0,0,0,InsectPokemonWith4LegsAndClaws
48,Venonat,Venonat,1,Bug,Poison,60,55,50,40,55,45,1,1,30,0,50,0,0.5,1,20,0,1,31,0,0,0,0,1,6,15,MediumFast,190,Bug,,20,6.7,13.3,75,0,0,0,0,1,0,BipedPokemon
49,Venomoth,Venomoth,1,Bug,Poison,70,65,60,90,75,90,1.5,1,12.5,0,50,0,0.5,2,20,1,0,0,0,0,0,0,5,31,36,MediumFast,75,Bug,,20,6.7,13.3,138,0,0,0,1,0,1,InsectPokemonWithWingsAndLegs
50,Diglett,Diglett,1,Ground,,10,55,25,35,45,95,0.2,1,0.8,0,50,0,0.5,1,21,0,1,26,0,0,0,0,1,6,15,MediumFast,255,Field,,20,6.7,13.3,81,0,0,0,0,0,1,HeadPokemonWithBody
51,Dugtrio,Dugtrio,1,Ground,,35,100,50,50,70,120,0.7,1,33.3,0,50,0,0.5,2,21,1,0,0,0,0,0,0,5,28,33,MediumFast,50,Field,,20,6.7,13.3,153,0,0,0,0,0,2,MultipleBodiedPokemon3Head
52,Meowth,Meowth,1,Normal,,40,45,35,40,40,90,0.4,1,4.2,0,50,0,0.5,1,22,0,1,28,0,0,0,0,2,6,15,MediumFast,255,Field,,20,6.7,13.3,69,0,0,0,0,0,1,QuadrupedPokemonWithPaws
53,Persian,Persian,1,Normal,,65,70,60,65,65,115,1,1,32,0,50,0,0.5,2,22,1,0,0,0,0,0,0,5,30,36,MediumFast,90,Field,,20,6.7,13.3,148,0,0,0,0,0,2,QuadrupedPokemonWithPaws
54,Psyduck,Psyduck,1,Water,,50,52,48,65,50,55,0.8,1,19.6,0,50,0,0.5,1,23,0,1,33,0,0,0,0,1,6,15,MediumFast,190,Water1,Field,20,6.7,13.3,80,0,0,0,1,0,0,BipedPokemonWithTail
55,Golduck,Golduck,1,Water,,80,82,78,95,80,85,1.7,1,76.6,0,50,0,0.5,2,23,1,0,0,0,0,0,0,5,33,38,MediumFast,75,Water1,Field,20,6.7,13.3,174,0,0,0,2,0,0,BipedPokemonWithTail
56,Mankey,Mankey,1,Fighting,,40,80,35,35,45,70,0.5,1,28,0,50,0,0.5,1,24,0,1,28,0,0,0,0,1,6,15,MediumFast,190,Field,,20,6.7,13.3,74,0,1,0,0,0,0,BipedPokemonWithTail
57,Primeape,Primeape,1,Fighting,,65,105,60,60,70,95,1,1,32,0,50,0,0.5,2,24,1,0,0,0,0,0,0,5,30,36,MediumFast,75,Field,,20,6.7,13.3,149,0,2,0,0,0,0,BipedPokemonWithTail
58,Growlithe,Growlithe,1,Fire,,55,70,45,70,50,60,0.7,1,19,0,50,0,0.25,1,25,0,0,0,0,0,0,0,3,8,16,Slow,190,Field,,20,6.7,13.3,91,0,1,0,0,0,0,QuadrupedPokemonWithPaws
59,Arcanine,Arcanine,1,Fire,,90,110,80,100,80,95,1.9,1,155,0,50,0,0.25,2,25,1,0,0,0,0,0,0,6,26,32,Slow,75,Field,,20,6.7,13.3,213,0,2,0,0,0,0,QuadrupedPokemonWithPaws
60,Poliwag,Poliwag,1,Water,,40,50,40,40,40,90,0.6,1,12.4,0,50,0,0.5,1,26,0,1,25,0,0,0,0,1,4,12,MediumSlow,255,Water1,,20,6.7,13.3,77,0,0,0,0,0,1,HeadPokemonWithLegs
61,Poliwhirl,Poliwhirl,1,Water,,65,65,65,50,50,90,1,1,20,0,50,0,0.5,2,26,0,0,0,0,0,0,0,4,25,30,MediumSlow,120,Water1,,20,6.7,13.3,131,0,0,0,0,0,2,BipedPokemon
62,Poliwrath,Poliwrath,1,Water,Fighting,90,95,95,70,90,70,1.3,1,54,0,50,0,0.5,3,26,1,0,0,0,0,0,0,6,34,39,MediumSlow,45,Water1,,20,6.7,13.3,185,0,0,3,0,0,0,BipedPokemon
63,Abra,Abra,1,Psychic,,25,20,15,105,55,90,0.9,1,19.5,0,50,0,0.25,1,27,0,1,16,0,0,0,0,3,5,12,MediumSlow,200,HumanLike,,20,6.7,13.3,75,0,0,0,1,0,0,BipedPokemonWithTail
64,Kadabra,Kadabra,1,Psychic,,40,35,30,120,70,105,1.3,1,56.5,0,50,0,0.25,2,27,0,1,38,0,0,0,0,5,18,26,MediumSlow,100,HumanLike,,20,6.7,13.3,145,0,0,0,2,0,0,BipedPokemonWithTail
65,Alakazam,Alakazam,1,Psychic,,55,50,45,135,95,120,1.5,1,48,0,50,0,0.25,3,27,1,0,0,0,0,0,0,7,38,45,MediumSlow,50,HumanLike,,20,6.7,13.3,186,0,0,0,3,0,0,BipedPokemon
66,Machop,Machop,1,Fighting,,70,80,50,35,35,35,0.8,1,19.5,0,50,0,0.25,1,28,0,1,28,0,0,0,0,2,5,16,MediumSlow,180,HumanLike,,20,6.7,13.3,75,0,1,0,0,0,0,BipedPokemonWithTail
67,Machoke,Machoke,1,Fighting,,80,100,70,50,60,45,1.5,1,70.5,0,50,0,0.25,2,28,0,1,38,0,0,0,0,4,28,32,MediumSlow,90,HumanLike,,20,6.7,13.3,146,0,2,0,0,0,0,BipedPokemon
68,Machamp,Machamp,1,Fighting,,90,130,80,65,85,55,1.6,1,130,0,50,0,0.25,3,28,1,0,0,0,0,0,0,7,38,45,MediumSlow,45,HumanLike,,20,6.7,13.3,193,0,3,0,0,0,0,BipedPokemon
69,Bellsprout,Bellsprout,1,Grass,Poison,50,75,35,70,30,40,0.7,1,4,0,50,0,0.5,1,29,0,1,21,0,0,0,0,1,4,12,MediumSlow,255,Grass,,20,6.7,13.3,84,0,1,0,0,0,0,BipedPokemon
70,Weepinbell,Weepinbell,1,Grass,Poison,65,90,50,85,45,55,1,1,6.4,0,50,0,0.5,2,29,0,0,0,0,0,0,0,3,21,27,MediumSlow,120,Grass,,20,6.7,13.3,151,0,2,0,0,0,0,HeadPokemonWithBody
71,Victreebel,Victreebel,1,Grass,Poison,80,105,65,100,70,70,1.7,1,15.5,0,50,0,0.5,3,29,1,0,0,0,0,0,0,6,32,37,MediumSlow,45,Grass,,20,6.7,13.3,191,0,3,0,0,0,0,HeadPokemonWithBody
72,Tentacool,Tentacool,1,Water,Poison,40,40,35,50,100,70,0.9,1,45.5,0,50,0,0.5,1,30,0,1,30,0,0,0,0,1,4,12,Slow,190,Water3,,20,6.7,13.3,105,0,0,0,0,1,0,TentaclePokemon
73,Tentacruel,Tentacruel,1,Water,Poison,80,70,65,80,120,100,1.6,1,55,0,50,0,0.5,2,30,1,0,0,0,0,0,0,5,32,38,Slow,60,Water3,,20,6.7,13.3,205,0,0,0,0,2,0,TentaclePokemon
74,Geodude,Geodude,1,Rock,Ground,40,80,100,30,30,20,0.4,1,20,0,50,0,0.5,1,31,0,1,25,0,0,0,0,1,4,12,MediumSlow,255,Mineral,,15,5,10,73,0,0,1,0,0,0,HeadPokemonWithArms
75,Graveler,Graveler,1,Rock,Ground,55,95,115,45,45,35,1,1,105,0,50,0,0.5,2,31,0,1,38,0,0,0,0,4,25,30,MediumSlow,120,Mineral,,15,5,10,134,0,0,2,0,0,0,BipedPokemon
76,Golem,Golem,1,Rock,Ground,80,120,130,55,65,45,1.4,1,300,0,50,0,0.5,3,31,1,0,0,0,0,0,0,7,38,45,MediumSlow,45,Mineral,,15,5,10,177,0,0,3,0,0,0,BipedPokemon
77,Ponyta,Ponyta,1,Fire,,50,85,55,65,65,90,1,1,30,0,50,0,0.5,1,32,0,1,40,0,0,0,0,3,6,18,MediumFast,190,Field,,20,6.7,13.3,152,0,0,0,0,0,1,QuadrupedPokemonWithHoovesAndTail
78,Rapidash,Rapidash,1,Fire,,65,100,70,80,80,105,1.7,1,95,0,50,0,0.5,2,32,1,0,0,0,0,0,0,6,40,45,MediumFast,60,Field,,20,6.7,13.3,192,0,0,0,0,0,2,QuadrupedPokemonWithHoovesAndTail
79,Slowpoke,Slowpoke,1,Water,Psychic,90,65,65,40,40,15,1.2,1,36,0,50,0,0.5,1,33,0,1,37,0,0,0,0,2,6,18,MediumFast,190,Monster,Water1,20,6.7,13.3,99,1,0,0,0,0,0,QuadrupedPokemonWithPaws
80,Slowbro,Slowbro,1,Water,Psychic,95,75,110,100,80,30,1.6,1,78.5,0,50,0,0.5,2,33,1,0,0,0,0,0,0,6,37,42,MediumFast,75,Monster,Water1,20,6.7,13.3,164,0,0,2,0,0,0,BipedPokemonWithTail
81,Magnemite,Magnemite,1,Electric,Steel,25,35,70,95,55,45,0.3,1,6,0,50,1,-1,1,34,0,1,30,0,0,0,0,2,6,16,MediumFast,190,Mineral,,20,6.7,13.3,89,0,0,0,1,0,0,HeadPokemonWithArms
82,Magneton,Magneton,1,Electric,Steel,50,60,95,120,70,70,1,1,60,0,50,1,-1,2,34,0,0,0,0,0,0,0,5,30,36,MediumFast,60,Mineral,,20,6.7,13.3,161,0,0,0,2,0,0,MultipleBodiedPokemon3Head
83,Farfetch'd,Farfetchd,1,Normal,Flying,52,90,55,58,62,60,0.8,1,15,0,50,0,0.5,1,35,1,0,0,0,0,0,0,4,16,26,MediumFast,45,Flying,Field,20,6.7,13.3,94,0,1,0,0,0,0,WingedPokemonWithBeak
84,Doduo,Doduo,1,Normal,Flying,35,85,45,35,35,75,1.4,1,39.2,0,50,0,0.5,1,36,0,1,31,0,0,0,0,2,6,18,MediumFast,190,Flying,,20,6.7,13.3,96,0,1,0,0,0,0,HeadPokemonWithLegs
85,Dodrio,Dodrio,1,Normal,Flying,60,110,70,60,60,110,1.8,1,85.2,0,50,0,0.5,2,36,1,0,0,0,0,0,0,5,31,36,MediumFast,45,Flying,,20,6.7,13.3,158,0,2,0,0,0,0,HeadPokemonWithLegs
86,Seel,Seel,1,Water,,65,45,55,45,70,45,1.1,1,90,0,50,0,0.5,1,37,0,1,34,0,0,0,0,2,6,18,MediumFast,190,Water1,Field,20,6.7,13.3,100,0,0,0,0,1,0,FishPokemonWithPectoralCaudalDorsalFins
87,Dewgong,Dewgong,1,Water,Ice,90,70,80,70,95,70,1.7,1,120,0,50,0,0.5,2,37,1,0,0,0,0,0,0,6,34,40,MediumFast,75,Water1,Field,20,6.7,13.3,176,0,0,0,0,2,0,FishPokemonWithPectoralCaudalDorsalFins
88,Grimer,Grimer,1,Poison,,80,80,50,40,50,25,0.9,1,30,0,50,0,0.5,1,38,0,1,38,0,0,0,0,2,6,18,MediumFast,190,Amorphous,,20,6.7,13.3,90,1,0,0,0,0,0,HeadPokemonWithArms
89,Muk,Muk,1,Poison,,105,105,75,65,100,50,1.2,1,30,0,50,0,0.5,2,38,1,0,0,0,0,0,0,6,38,42,MediumFast,75,Amorphous,,20,6.7,13.3,157,1,1,0,0,0,0,HeadPokemonWithArms
90,Shellder,Shellder,1,Water,,30,65,100,45,25,40,0.3,1,4,0,50,0,0.5,1,39,0,0,0,0,0,0,0,2,8,18,Slow,190,Water3,,20,6.7,13.3,97,0,0,1,0,0,0,HeadPokemon
91,Cloyster,Cloyster,1,Water,Ice,50,95,180,85,45,70,1.5,1,132.5,0,50,0,0.5,2,39,1,0,0,0,0,0,0,6,32,38,Slow,60,Water3,,20,6.7,13.3,203,0,0,2,0,0,0,HeadPokemon
92,Gastly,Gastly,1,Ghost,Poison,30,35,30,100,35,80,1.3,1,0.1,0,50,0,0.5,1,40,0,1,25,0,0,0,0,2,6,14,MediumSlow,190,Amorphous,,20,6.7,13.3,95,0,0,0,1,0,0,HeadPokemon
93,Haunter,Haunter,1,Ghost,Poison,45,50,45,115,55,95,1.6,1,0.1,0,50,0,0.5,2,40,0,1,38,0,0,0,0,5,25,30,MediumSlow,90,Amorphous,,20,6.7,13.3,126,0,0,0,2,0,0,HeadPokemonWithArms
94,Gengar,Gengar,1,Ghost,Poison,60,65,60,130,75,110,1.5,1,40.5,0,50,0,0.5,3,40,1,0,0,0,0,0,0,7,38,45,MediumSlow,45,Amorphous,,20,6.7,13.3,190,0,0,0,3,0,0,BipedPokemonWithTail
95,Onix,Onix,1,Rock,Ground,35,45,160,30,45,70,8.8,1,210,0,50,0,0.5,1,41,0,1,40,0,0,0,0,5,20,30,MediumFast,45,Mineral,,25,8.3,16.7,108,0,0,1,0,0,0,SnakePokemon
96,Drowzee,Drowzee,1,Psychic,,60,48,45,43,90,42,1,1,32.4,0,50,0,0.5,1,42,0,1,26,0,0,0,0,2,6,14,MediumFast,190,HumanLike,,20,6.7,13.3,102,0,0,0,0,1,0,BipedPokemon
97,Hypno,Hypno,1,Psychic,,85,73,70,73,115,67,1.6,1,75.6,0,50,0,0.5,2,42,1,0,0,0,0,0,0,6,28,36,MediumFast,75,HumanLike,,20,6.7,13.3,165,0,0,0,0,2,0,BipedPokemon
98,Krabby,Krabby,1,Water,,30,105,90,25,25,50,0.4,1,6.5,0,50,0,0.5,1,43,0,1,28,0,0,0,0,1,6,16,MediumFast,225,Water3,,20,6.7,13.3,115,0,1,0,0,0,0,InsectPokemonWith4LegsAndClaws
99,Kingler,Kingler,1,Water,,55,130,115,50,50,75,1.3,1,60,0,50,0,0.5,2,43,1,0,0,0,0,0,0,5,30,36,MediumFast,60,Water3,,20,6.7,13.3,206,0,2,0,0,0,0,InsectPokemonWith4LegsAndClaws
100,Voltorb,Voltorb,1,Electric,,40,30,50,55,55,100,0.5,1,10.4,0,50,1,-1,1,44,0,1,30,0,0,0,0,2,6,16,MediumFast,190,Mineral,,20,6.7,13.3,103,0,0,0,0,0,1,HeadPokemon
101,Electrode,Electrode,1,Electric,,60,50,70,80,80,150,1.2,1,66.6,0,50,1,-1,2,44,1,0,0,0,0,0,0,5,30,36,MediumFast,60,Mineral,,20,6.7,13.3,150,0,0,0,0,0,2,HeadPokemon
102,Exeggcute,Exeggcute,1,Grass,Psychic,60,40,80,60,45,40,0.4,1,2.5,0,50,0,0.5,1,45,0,0,0,0,0,0,0,2,8,18,Slow,90,Grass,,20,6.7,13.3,98,0,0,1,0,0,0,MultipleBodiedPokemon5Head
103,Exeggutor,Exeggutor,1,Grass,Psychic,95,95,85,125,75,55,2,1,120,0,50,0,0.5,2,45,1,0,0,0,0,0,0,6,36,42,Slow,45,Grass,,20,6.7,13.3,212,0,0,0,2,0,0,MultipleBodiedPokemon3HeadAndLegs
104,Cubone,Cubone,1,Ground,,50,50,95,40,50,35,0.4,1,6.5,0,50,0,0.5,1,46,0,1,28,0,0,0,0,3,8,18,MediumFast,190,Monster,,20,6.7,13.3,87,0,0,1,0,0,0,BipedPokemonWithTail
105,Marowak,Marowak,1,Ground,,60,80,110,50,80,45,1,1,45,0,50,0,0.5,2,46,1,0,0,0,0,0,0,6,30,36,MediumFast,75,Monster,,20,6.7,13.3,124,0,0,2,0,0,0,BipedPokemonWithTail
106,Hitmonlee,Hitmonlee,1,Fighting,,50,120,53,35,110,87,1.5,1,49.8,0,50,0,0,2,47,1,0,0,0,0,0,0,5,30,36,MediumFast,45,HumanLike,,25,8.3,16.7,139,0,2,0,0,0,0,BipedPokemon
107,Hitmonchan,Hitmonchan,1,Fighting,,50,105,79,35,110,76,1.4,1,50.2,0,50,0,0,2,47,1,0,0,0,0,0,0,5,30,36,MediumFast,45,HumanLike,,25,8.3,16.7,140,0,0,0,0,2,0,BipedPokemon
108,Lickitung,Lickitung,1,Normal,,90,55,75,60,75,30,1.2,1,65.5,0,50,0,0.5,1,48,0,1,35,0,0,0,0,3,12,20,MediumFast,45,Monster,,20,6.7,13.3,127,2,0,0,0,0,0,BipedPokemonWithTail
109,Koffing,Koffing,1,Poison,,40,65,95,60,45,35,0.6,1,1,0,50,0,0.5,1,49,0,1,35,0,0,0,0,1,8,18,MediumFast,190,Amorphous,,20,6.7,13.3,114,0,0,1,0,0,0,HeadPokemon
110,Weezing,Weezing,1,Poison,,65,90,120,85,70,60,1.2,1,9.5,0,50,0,0.5,2,49,1,0,0,0,0,0,0,5,35,40,MediumFast,60,Amorphous,,20,6.7,13.3,173,0,0,2,0,0,0,MultipleBodiedPokemon2Head
111,Rhyhorn,Rhyhorn,1,Ground,Rock,80,85,95,30,30,25,1,1,115,0,50,0,0.5,1,50,0,1,42,0,0,0,0,4,12,26,Slow,120,Monster,Field,20,6.7,13.3,135,0,0,1,0,0,0,QuadrupedPokemonWithPaws
112,Rhydon,Rhydon,1,Ground,Rock,105,130,120,45,45,40,1.9,1,120,0,50,0,0.5,2,50,0,1,50,0,0,0,0,6,42,46,Slow,60,Monster,Field,20,6.7,13.3,204,0,2,0,0,0,0,BipedPokemonWithTail
113,Chansey,Chansey,1,Normal,,250,5,5,35,105,50,1.1,1,34.6,0,140,0,1,2,51,0,0,0,0,0,0,0,6,26,34,Fast,30,Fairy,,40,13.3,26.7,255,2,0,0,0,0,0,BipedPokemonWithTail
114,Tangela,Tangela,1,Grass,,65,55,115,100,40,60,1,1,35,0,50,0,0.5,1,52,0,1,32,0,0,0,0,3,18,30,MediumFast,45,Grass,,20,6.7,13.3,166,0,0,1,0,0,0,HeadPokemonWithLegs
115,Kangaskhan,Kangaskhan,1,Normal,,105,95,80,40,80,90,2.2,1,80,0,50,0,1,1,53,1,0,0,0,0,0,0,5,28,36,MediumFast,45,Monster,,20,6.7,13.3,175,2,0,0,0,0,0,BipedPokemonWithTail
116,Horsea,Horsea,1,Water,,30,40,70,70,25,60,0.4,1,8,0,50,0,0.5,1,54,0,1,32,0,0,0,0,2,8,16,MediumFast,225,Water1,Dragon,20,6.7,13.3,83,0,0,0,1,0,0,HeadPokemonWithBody
117,Seadra,Seadra,1,Water,,55,65,95,95,45,85,1.2,1,25,0,50,0,0.5,2,54,0,1,45,0,0,0,0,6,32,38,MediumFast,75,Water1,Dragon,20,6.7,13.3,155,0,0,1,1,0,0,HeadPokemonWithBody
118,Goldeen,Goldeen,1,Water,,45,67,60,35,50,63,0.6,1,15,0,50,0,0.5,1,55,0,1,33,0,0,0,0,1,6,16,MediumFast,225,Water2,,20,6.7,13.3,111,0,1,0,0,0,0,FishPokemonWithPectoralCaudalDorsalFins
119,Seaking,Seaking,1,Water,,80,92,65,65,80,68,1.3,1,39,0,50,0,0.5,2,55,1,0,0,0,0,0,0,5,33,38,MediumFast,60,Water2,,20,6.7,13.3,170,0,2,0,0,0,0,FishPokemonWithPectoralCaudalDorsalFins
120,Staryu,Staryu,1,Water,,30,45,55,70,55,85,0.8,1,34.5,0,50,1,-1,1,56,0,0,0,0,0,0,0,2,6,18,Slow,225,Water3,,20,6.7,13.3,106,0,0,0,0,0,1,HeadPokemonWithBody
121,Starmie,Starmie,1,Water,Psychic,60,75,85,100,85,115,1.1,1,80,0,50,1,-1,2,56,1,0,0,0,0,0,0,6,30,38,Slow,60,Water3,,20,6.7,13.3,207,0,0,0,0,0,2,HeadPokemonWithBody
122,Mr. Mime,MrMime,1,Psychic,Fairy,40,45,65,100,120,90,1.3,1,54.5,0,50,0,0.5,2,57,1,0,0,0,0,0,0,5,18,30,MediumFast,45,HumanLike,,25,8.3,16.7,136,0,0,0,0,2,0,BipedPokemon
123,Scyther,Scyther,1,Bug,Flying,70,110,80,55,80,105,1.5,1,56,0,50,0,0.5,1,58,0,1,40,0,0,0,0,5,24,30,MediumFast,45,Bug,,25,8.3,16.7,187,0,1,0,0,0,0,InsectPokemonWithWingsAndLegs
124,Jynx,Jynx,1,Ice,Psychic,65,50,35,115,95,95,1.4,1,40.6,0,50,0,1,2,59,1,0,0,0,0,0,0,5,30,35,MediumFast,45,HumanLike,,25,8.3,16.7,137,0,0,0,2,0,0,BipedPokemon
125,Electabuzz,Electabuzz,1,Electric,,65,83,57,95,85,105,1.1,1,30,0,50,0,0.25,2,60,0,1,43,0,0,0,0,4,30,35,MediumFast,45,HumanLike,,25,8.3,16.7,156,0,0,0,0,0,2,BipedPokemonWithTail
126,Magmar,Magmar,1,Fire,,65,95,57,100,85,93,1.3,1,44.5,0,50,0,0.25,2,61,0,1,43,0,0,0,0,4,30,35,MediumFast,45,HumanLike,,25,8.3,16.7,167,0,0,0,2,0,0,BipedPokemonWithTail
127,Pinsir,Pinsir,1,Bug,,65,125,100,55,70,85,1.5,1,55,0,50,0,0.5,1,62,1,0,0,0,0,0,0,5,24,34,Slow,45,Bug,,25,8.3,16.7,200,0,2,0,0,0,0,BipedPokemon
128,Tauros,Tauros,1,Normal,,75,100,95,40,70,110,1.4,1,88.4,0,50,0,0,1,63,1,0,0,0,0,0,0,4,24,34,Slow,45,Field,,20,6.7,13.3,211,0,1,0,0,0,1,QuadrupedPokemonWithHoovesAndTail
129,Magikarp,Magikarp,1,Water,,20,10,55,15,20,80,0.9,1,10,0,50,0,0.5,1,64,0,1,20,0,0,0,0,1,3,8,Slow,255,Water2,Dragon,5,1.7,3.3,20,0,0,0,0,0,1,FishPokemonWithPectoralCaudalDorsalFins
130,Gyarados,Gyarados,1,Water,Flying,95,125,79,60,100,81,6.5,1,235,0,50,0,0.5,2,64,1,0,0,0,0,0,0,7,30,40,Slow,45,Water2,Dragon,5,1.7,3.3,214,0,2,0,0,0,0,SnakePokemon
131,Lapras,Lapras,1,Water,Ice,130,85,80,85,95,60,2.5,1,220,0,50,0,0.5,1,65,1,0,0,0,0,0,0,6,30,40,Slow,45,Monster,Water1,40,13.3,26.7,219,2,0,0,0,0,0,FishPokemonWithPectoralCaudalDorsalFins
132,Ditto,Ditto,1,Normal,,48,48,48,48,48,48,0.3,1,4,0,50,1,-1,1,66,1,0,0,0,0,0,0,5,24,30,MediumFast,35,Ditto,,20,6.7,13.3,61,1,0,0,0,0,0,HeadPokemon
133,Eevee,Eevee,1,Normal,,55,55,50,45,65,55,0.3,1,6.5,0,50,0,0.125,1,67,0,0,0,0,0,0,0,3,12,20,MediumFast,45,Field,,35,11.7,23.3,92,0,0,0,0,1,0,QuadrupedPokemonWithPaws
134,Vaporeon,Vaporeon,1,Water,,130,65,60,110,95,65,1,1,29,0,50,0,0.125,2,67,1,0,0,0,0,0,0,7,26,34,MediumFast,45,Field,,35,11.7,23.3,196,2,0,0,0,0,0,QuadrupedPokemonWithPaws
135,Jolteon,Jolteon,1,Electric,,65,65,60,110,95,130,0.8,1,24.5,0,50,0,0.125,2,67,1,0,0,0,0,0,0,7,26,34,MediumFast,45,Field,,35,11.7,23.3,197,0,0,0,0,0,2,QuadrupedPokemonWithPaws
136,Flareon,Flareon,1,Fire,,65,130,60,95,110,65,0.9,1,25,0,50,0,0.125,2,67,1,0,0,0,0,0,0,7,26,34,MediumFast,45,Field,,35,11.7,23.3,198,0,2,0,0,0,0,QuadrupedPokemonWithPaws
137,Porygon,Porygon,1,Normal,,65,60,70,85,75,40,0.8,1,36.5,0,50,1,-1,1,68,0,0,0,0,0,0,1,5,20,20,MediumFast,45,Mineral,,20,6.7,13.3,130,0,0,0,1,0,0,HeadPokemonWithLegs
138,Omanyte,Omanyte,1,Rock,Water,35,40,100,90,55,35,0.4,1,7.5,0,50,0,0.125,1,69,0,1,40,0,1,0,0,4,20,20,MediumFast,45,Water1,Water3,30,10,20,99,0,0,1,0,0,0,TentaclePokemonWithShell
139,Omastar,Omastar,1,Rock,Water,70,60,125,115,70,55,1,1,35,0,50,0,0.125,2,69,1,0,0,0,1,0,0,6,40,40,MediumFast,45,Water1,Water3,30,10,20,199,0,0,2,0,0,0,TentaclePokemonWithShell
140,Kabuto,Kabuto,1,Rock,Water,30,80,90,55,45,55,0.5,1,11.5,0,50,0,0.125,1,70,0,1,40,0,1,0,0,4,20,20,MediumFast,45,Water1,Water3,30,10,20,99,0,0,1,0,0,0,InsectPokemonWith4Legs
141,Kabutops,Kabutops,1,Rock,Water,60,115,105,65,70,80,1.3,1,40.5,0,50,0,0.125,2,70,1,0,0,0,1,0,0,6,40,40,MediumFast,45,Water1,Water3,30,10,20,199,0,2,0,0,0,0,BipedPokemonWithTail
142,Aerodactyl,Aerodactyl,1,Rock,Flying,80,105,65,60,75,130,1.8,1,59,0,50,0,0.125,1,71,1,0,0,0,1,0,0,7,20,20,Slow,45,Flying,,35,11.7,23.3,202,0,0,0,0,0,2,WingedPokemonWithJaw
143,Snorlax,Snorlax,1,Normal,,160,110,65,65,110,30,2.1,1,460,0,50,0,0.125,2,72,1,0,0,0,0,0,0,6,30,40,Slow,25,Monster,,40,13.3,26.7,154,2,0,0,0,0,0,BipedPokemon
144,Articuno,Articuno,1,Ice,Flying,90,85,100,95,125,85,1.7,1,55.4,0,35,1,-1,1,73,1,0,0,0,0,1,0,10,50,50,Slow,3,Undiscovered,,80,26.7,53.3,215,0,0,0,0,3,0,WingedPokemonWithBeak
145,Zapdos,Zapdos,1,Electric,Flying,90,90,85,125,90,100,1.6,1,52.6,0,35,1,-1,1,74,1,0,0,0,0,1,0,10,50,50,Slow,3,Undiscovered,,80,26.7,53.3,216,0,0,0,3,0,0,WingedPokemonWithBeak
146,Moltres,Moltres,1,Fire,Flying,90,100,90,125,85,90,2,1,60,0,35,1,-1,1,75,1,0,0,0,0,1,0,10,50,50,Slow,3,Undiscovered,,80,26.7,53.3,217,0,0,0,3,0,0,WingedPokemonWithBeak
147,Dratini,Dratini,1,Dragon,,41,64,45,50,50,50,1,1,3.3,0,35,0,0.5,1,76,0,1,30,0,0,0,0,5,14,20,Slow,45,Water1,Dragon,40,13.3,26.7,67,0,1,0,0,0,0,SnakePokemon
148,Dragonair,Dragonair,1,Dragon,,61,84,65,70,70,70,1.9,1,16.5,0,35,0,0.5,2,76,0,1,55,0,0,0,0,7,30,38,Slow,45,Water1,Dragon,40,13.3,26.7,144,0,2,0,0,0,0,SnakePokemon
149,Dragonite,Dragonite,1,Dragon,Flying,91,134,95,100,100,80,2.2,1,210,0,35,0,0.5,3,76,1,0,0,0,0,0,0,9,55,58,Slow,45,Water1,Dragon,40,13.3,26.7,218,0,3,0,0,0,0,BipedPokemonWithTail
150,Mewtwo,Mewtwo,1,Psychic,,106,110,90,154,90,130,2,1,122,0,0,1,-1,1,77,1,0,0,0,0,1,0,10,70,70,Slow,3,Undiscovered,,120,40,80,220,0,0,0,3,0,0,BipedPokemonWithTail
151,Mew,Mew,1,Psychic,,100,100,100,100,100,100,0.4,1,4,0,100,1,-1,1,78,1,0,0,0,0,1,0,10,30,30,MediumSlow,45,Undiscovered,,120,40,80,64,3,0,0,0,0,0,BipedPokemonWithTail
152,Chikorita,Chikorita,2,Grass,,45,49,65,49,65,45,0.9,1,6.4,0,50,0,0.125,1,79,0,1,16,0,0,0,0,3,5,12,MediumSlow,45,Monster,Grass,20,6.7,13.3,64,0,0,0,0,1,0,QuadrupedPokemonWithPaws
153,Bayleef,Bayleef,2,Grass,,60,62,80,63,80,60,1.2,1,15.8,0,50,0,0.125,2,79,0,1,32,0,0,0,0,5,20,27,MediumSlow,45,Monster,Grass,20,6.7,13.3,141,0,0,1,0,1,0,QuadrupedPokemonWithPaws
154,Meganium,Meganium,2,Grass,,80,82,100,83,100,80,1.8,1,100.5,1,50,0,0.125,3,79,1,0,0,0,0,0,0,7,35,42,MediumSlow,45,Monster,Grass,20,6.7,13.3,208,0,0,1,0,2,0,QuadrupedPokemonWithPaws
155,Cyndaquil,Cyndaquil,2,Fire,,39,52,43,60,50,65,0.5,1,7.9,0,50,0,0.125,1,80,0,1,14,0,0,0,0,3,5,12,MediumSlow,45,Field,,20,6.7,13.3,65,0,0,0,0,0,1,BipedPokemon
156,Quilava,Quilava,2,Fire,,58,64,58,80,65,80,0.9,1,19,0,50,0,0.125,2,80,0,1,36,0,0,0,0,5,20,27,MediumSlow,45,Field,,20,6.7,13.3,142,0,0,0,1,0,1,QuadrupedPokemonWithPaws
157,Typhlosion,Typhlosion,2,Fire,,78,84,78,109,85,100,1.7,1,79.5,0,50,0,0.125,3,80,1,0,0,0,0,0,0,7,36,42,MediumSlow,45,Field,,20,6.7,13.3,209,0,0,0,3,0,0,QuadrupedPokemonWithPaws
158,Totodile,Totodile,2,Water,,50,65,64,44,48,43,0.6,1,9.5,0,50,0,0.125,1,81,0,1,18,0,0,0,0,3,5,12,MediumSlow,45,Monster,Water1,20,6.7,13.3,66,0,1,0,0,0,0,BipedPokemonWithTail
159,Croconaw,Croconaw,2,Water,,65,80,80,59,63,58,1.1,1,25,0,50,0,0.125,2,81,0,1,30,0,0,0,0,5,20,27,MediumSlow,45,Monster,Water1,20,6.7,13.3,143,0,1,1,0,0,0,BipedPokemonWithTail
160,Feraligatr,Feraligatr,2,Water,,85,105,100,79,83,78,2.3,1,88.8,0,50,0,0.125,3,81,1,0,0,0,0,0,0,7,36,42,MediumSlow,45,Monster,Water1,20,6.7,13.3,210,0,2,1,0,0,0,BipedPokemonWithTail
161,Sentret,Sentret,2,Normal,,35,46,34,35,45,20,0.8,1,6,0,50,0,0.5,1,82,0,1,15,0,0,0,0,1,3,10,MediumFast,255,Field,,15,5,10,57,0,1,0,0,0,0,QuadrupedPokemonWithPaws
162,Furret,Furret,2,Normal,,85,76,64,45,55,90,1.8,1,32.5,0,50,0,0.5,2,82,1,0,0,0,0,0,0,4,18,22,MediumFast,90,Field,,15,5,10,116,0,0,0,0,0,2,QuadrupedPokemonWithPaws
163,Hoothoot,Hoothoot,2,Normal,Flying,60,30,30,36,56,50,0.7,1,21.2,0,50,0,0.5,1,83,0,1,20,0,0,0,0,1,4,10,MediumFast,255,Flying,,15,5,10,58,1,0,0,0,0,0,WingedPokemonWithBeak
164,Noctowl,Noctowl,2,Normal,Flying,100,50,50,86,96,70,1.6,1,40.8,0,50,0,0.5,2,83,1,0,0,0,0,0,0,4,21,27,MediumFast,90,Flying,,15,5,10,162,2,0,0,0,0,0,WingedPokemonWithBeak
165,Ledyba,Ledyba,2,Bug,Flying,40,20,30,40,80,55,1,1,10.8,0,50,0,0.5,1,84,0,1,18,0,0,0,0,1,4,12,Fast,255,Bug,,15,5,10,54,0,0,0,0,1,0,InsectPokemonWithWingsAndLegs
166,Ledian,Ledian,2,Bug,Flying,55,35,50,55,110,85,1.4,1,35.6,0,50,0,0.5,2,84,1,0,0,0,0,0,0,5,18,24,Fast,90,Bug,,15,5,10,134,0,0,0,0,2,0,InsectPokemonWithWingsAndLegs
167,Spinarak,Spinarak,2,Bug,Poison,40,60,40,40,40,30,0.5,1,8.5,0,50,0,0.5,1,85,0,1,22,0,0,0,0,1,4,10,Fast,255,Bug,,15,5,10,54,0,1,0,0,0,0,InsectPokemonWith6Legs
168,Ariados,Ariados,2,Bug,Poison,70,90,70,60,70,40,1.1,1,33.5,0,50,0,0.5,2,85,1,0,0,0,0,0,0,5,22,26,Fast,90,Bug,,15,5,10,134,0,2,0,0,0,0,InsectPokemonWith4Legs
169,Crobat,Crobat,2,Poison,Flying,85,90,80,70,80,130,1.8,1,75,0,50,0,0.5,3,17,1,0,0,0,0,0,0,7,30,36,MediumFast,90,Flying,,15,5,10,204,0,0,0,0,0,3,InsectPokemonWithWingsAndLegs
170,Chinchou,Chinchou,2,Water,Electric,75,38,38,56,56,67,0.5,1,12,0,50,0,0.5,1,87,0,1,27,0,0,0,0,1,4,12,Slow,190,Water2,,20,6.7,13.3,90,1,0,0,0,0,0,FishPokemonWithPectoralCaudalDorsalFins
171,Lanturn,Lanturn,2,Water,Electric,125,58,58,76,76,67,1.2,1,22.5,0,50,0,0.5,2,87,1,0,0,0,0,0,0,5,27,32,Slow,75,Water2,,20,6.7,13.3,156,2,0,0,0,0,0,FishPokemonWithPectoralCaudalDorsalFins
172,Pichu,Pichu,2,Electric,,20,40,15,35,35,60,0.3,1,2,0,50,0,0.5,1,10,0,0,0,1,0,0,0,3,2,5,MediumFast,190,Undiscovered,,10,3.3,6.7,42,0,0,0,0,0,1,QuadrupedPokemonWithPaws
173,Cleffa,Cleffa,2,Fairy,,50,25,28,45,55,15,0.3,1,3,0,140,0,0.75,1,14,0,0,0,1,0,0,0,3,2,5,Fast,150,Undiscovered,,10,3.3,6.7,37,0,0,0,0,1,0,BipedPokemonWithTail
174,Igglybuff,Igglybuff,2,Normal,Fairy,90,30,15,40,20,15,0.3,1,1,0,50,0,0.75,1,16,0,0,0,1,0,0,0,3,2,5,Fast,170,Undiscovered,,10,3.3,6.7,39,1,0,0,0,0,0,BipedPokemon
175,Togepi,Togepi,2,Fairy,,35,20,65,40,65,20,0.3,1,1.5,0,50,0,0.125,1,88,0,0,0,1,0,0,0,3,2,5,Fast,190,Undiscovered,,10,3.3,6.7,74,0,0,0,0,1,0,BipedPokemon
176,Togetic,Togetic,2,Fairy,Flying,55,40,85,80,105,40,0.6,1,3.2,0,50,0,0.125,2,88,0,0,0,0,0,0,0,6,16,22,Fast,75,Flying,Fairy,10,3.3,6.7,114,0,0,0,0,2,0,BipedPokemon
177,Natu,Natu,2,Psychic,Flying,40,50,45,70,45,70,0.2,1,2,0,50,0,0.5,1,89,0,1,25,0,0,0,0,2,5,13,MediumFast,190,Flying,,20,6.7,13.3,73,0,0,0,1,0,0,WingedPokemonWithBeak
178,Xatu,Xatu,2,Psychic,Flying,65,75,70,95,70,95,1.5,1,15,0,50,0,0.5,2,89,1,0,0,0,0,0,0,6,26,30,MediumFast,75,Flying,,20,6.7,13.3,171,0,0,0,1,0,1,WingedPokemonWithBeak
179,Mareep,Mareep,2,Electric,,55,40,40,65,45,35,0.6,1,7.8,0,50,0,0.5,1,90,0,1,15,0,0,0,0,1,3,8,MediumSlow,235,Monster,Field,20,6.7,13.3,59,0,0,0,1,0,0,QuadrupedPokemonWithPaws
180,Flaaffy,Flaaffy,2,Electric,,70,55,55,80,60,45,0.8,1,13.3,0,50,0,0.5,2,90,0,1,30,0,0,0,0,4,15,20,MediumSlow,120,Monster,Field,20,6.7,13.3,117,0,0,0,2,0,0,BipedPokemonWithTail
181,Ampharos,Ampharos,2,Electric,,90,75,85,115,90,55,1.4,1,61.5,0,50,0,0.5,3,90,1,0,0,0,0,0,0,7,32,36,MediumSlow,45,Monster,Field,20,6.7,13.3,194,0,0,0,3,0,0,BipedPokemonWithTail
182,Bellossom,Bellossom,2,Grass,,75,80,95,90,100,50,0.4,1,5.8,0,50,0,0.5,3,18,1,0,0,0,0,0,0,6,30,36,MediumSlow,45,Grass,,20,6.7,13.3,184,0,0,0,0,3,0,BipedPokemon
183,Marill,Marill,2,Water,Fairy,70,20,50,20,50,40,0.4,1,8.5,0,50,0,0.5,2,91,0,1,18,0,0,0,0,3,5,12,Fast,190,Water1,Fairy,10,3.3,6.7,58,2,0,0,0,0,0,BipedPokemonWithTail
184,Azumarill,Azumarill,2,Water,Fairy,100,50,80,60,80,50,0.8,1,28.5,0,50,0,0.5,3,91,1,0,0,0,0,0,0,6,24,30,Fast,75,Water1,Fairy,10,3.3,6.7,153,3,0,0,0,0,0,BipedPokemonWithTail
185,Sudowoodo,Sudowoodo,2,Rock,,70,100,115,30,65,30,1.2,1,38,0,50,0,0.5,2,92,1,0,0,0,0,0,0,5,18,24,MediumFast,65,Mineral,,20,6.7,13.3,135,0,0,2,0,0,0,BipedPokemon
186,Politoed,Politoed,2,Water,,90,75,75,90,100,70,1.1,1,33.9,0,50,0,0.5,3,26,1,0,0,0,0,0,0,6,30,36,MediumSlow,45,Water1,,20,6.7,13.3,185,0,0,0,0,3,0,BipedPokemon
187,Hoppip,Hoppip,2,Grass,Flying,35,35,40,35,55,50,0.4,1,0.5,0,50,0,0.5,1,93,0,1,18,0,0,0,0,1,3,8,MediumSlow,255,Fairy,Grass,20,6.7,13.3,74,0,0,0,0,1,0,BipedPokemonWithTail
188,Skiploom,Skiploom,2,Grass,Flying,55,45,50,45,65,80,0.6,1,1,0,50,0,0.5,2,93,0,1,27,0,0,0,0,3,18,22,MediumSlow,120,Fairy,Grass,20,6.7,13.3,136,0,0,0,0,0,2,BipedPokemonWithTail
189,Jumpluff,Jumpluff,2,Grass,Flying,75,55,70,55,95,110,0.8,1,3,0,50,0,0.5,3,93,1,0,0,0,0,0,0,5,28,34,MediumSlow,45,Fairy,Grass,20,6.7,13.3,176,0,0,0,0,0,3,BipedPokemonWithTail
190,Aipom,Aipom,2,Normal,,55,70,55,40,55,85,0.8,1,11.5,0,50,0,0.5,1,94,0,1,32,0,0,0,0,4,12,20,Fast,45,Field,,20,6.7,13.3,94,0,0,0,0,0,1,BipedPokemonWithTail
191,Sunkern,Sunkern,2,Grass,,30,30,30,30,30,30,0.3,1,1.8,0,50,0,0.5,1,95,0,0,0,0,0,0,0,1,3,8,MediumSlow,235,Grass,,20,6.7,13.3,52,0,0,0,1,0,0,HeadPokemon
192,Sunflora,Sunflora,2,Grass,,75,75,55,105,85,30,0.8,1,8.5,0,50,0,0.5,2,95,1,0,0,0,0,0,0,5,18,22,MediumSlow,120,Grass,,20,6.7,13.3,146,0,0,0,2,0,0,BipedPokemon
193,Yanma,Yanma,2,Bug,Flying,65,65,45,75,45,95,1.2,1,38,0,50,0,0.5,1,96,0,1,38,0,0,0,0,2,6,14,MediumFast,75,Bug,,20,6.7,13.3,147,0,0,0,0,0,1,InsectPokemonWithWingsAndLegs
194,Wooper,Wooper,2,Water,Ground,55,45,45,25,25,15,0.4,1,8.5,0,50,0,0.5,1,97,0,1,20,0,0,0,0,2,4,10,MediumFast,255,Water1,Field,20,6.7,13.3,52,1,0,0,0,0,0,HeadPokemonWithLegs
195,Quagsire,Quagsire,2,Water,Ground,95,85,85,65,65,35,1.4,1,75,0,50,0,0.5,2,97,1,0,0,0,0,0,0,5,22,28,MediumFast,90,Water1,Field,20,6.7,13.3,137,2,0,0,0,0,0,BipedPokemonWithTail
196,Espeon,Espeon,2,Psychic,,65,65,60,130,95,110,0.9,1,26.5,0,50,0,0.125,2,67,1,0,0,0,0,0,0,7,26,34,MediumFast,45,Field,,35,11.7,23.3,197,0,0,0,2,0,0,QuadrupedPokemonWithPaws
197,Umbreon,Umbreon,2,Dark,,95,65,110,60,130,65,1,1,27,0,35,0,0.125,2,67,1,0,0,0,0,0,0,7,26,34,MediumFast,45,Field,,35,11.7,23.3,197,0,0,0,0,2,0,QuadrupedPokemonWithPaws
198,Murkrow,Murkrow,2,Dark,Flying,60,85,42,85,42,91,0.5,1,2.1,0,35,0,0.5,1,98,0,1,32,0,0,0,0,3,6,12,MediumSlow,30,Flying,,20,6.7,13.3,107,0,0,0,0,0,1,WingedPokemonWithBeak
199,Slowking,Slowking,2,Water,Psychic,95,75,80,100,110,30,2,1,79.5,0,50,0,0.5,2,33,1,0,0,0,0,0,0,6,32,38,MediumFast,70,Monster,Water1,20,6.7,13.3,164,0,0,0,0,3,0,BipedPokemonWithTail
200,Misdreavus,Misdreavus,2,Ghost,,60,60,60,85,85,85,0.7,1,1,0,35,0,0.5,1,99,0,1,32,0,0,0,0,3,6,12,Fast,45,Amorphous,,25,8.3,16.7,147,0,0,0,0,1,0,HeadPokemon
201,Unown,Unown,2,Psychic,,48,72,48,72,48,48,0.5,1,5,0,50,1,-1,1,100,1,0,0,0,0,0,1,4,25,25,MediumFast,225,Undiscovered,,40,13.3,26.7,61,0,1,0,1,0,0,HeadPokemon
202,Wobbuffet,Wobbuffet,2,Psychic,,190,33,58,33,58,33,1.3,1,28.5,1,50,0,0.5,2,101,1,0,0,0,0,0,0,4,18,26,MediumFast,45,Amorphous,,20,6.7,13.3,177,2,0,0,0,0,0,HeadPokemonWithBody
203,Girafarig,Girafarig,2,Normal,Psychic,70,80,65,90,65,85,1.5,1,41.5,0,50,0,0.5,1,102,1,0,0,0,0,0,0,4,18,26,MediumFast,60,Field,,20,6.7,13.3,149,0,0,0,2,0,0,QuadrupedPokemonWithHoovesAndTail
204,Pineco,Pineco,2,Bug,,50,65,90,35,35,15,0.6,1,7.2,0,50,0,0.5,1,103,0,1,31,0,0,0,0,2,6,12,MediumFast,190,Bug,,20,6.7,13.3,60,0,0,1,0,0,0,HeadPokemon
205,Forretress,Forretress,2,Bug,Steel,75,90,140,60,60,40,1.2,1,125.8,0,50,0,0.5,2,103,1,0,0,0,0,0,0,6,32,38,MediumFast,75,Bug,,20,6.7,13.3,118,0,0,2,0,0,0,HeadPokemon
206,Dunsparce,Dunsparce,2,Normal,,100,70,70,65,65,45,1.5,1,14,0,50,0,0.5,1,104,1,0,0,0,0,0,0,4,16,24,MediumFast,190,Field,,20,6.7,13.3,125,1,0,0,0,0,0,SnakePokemon
207,Gligar,Gligar,2,Ground,Flying,65,75,105,35,65,85,1.1,1,64.8,0,50,0,0.5,1,105,0,1,38,0,0,0,0,2,6,14,MediumSlow,60,Bug,,20,6.7,13.3,108,0,0,1,0,0,0,WingedPokemonWithJaw
208,Steelix,Steelix,2,Steel,Ground,75,85,200,55,65,30,9.2,2,400,1,50,0,0.5,2,41,1,0,0,0,0,0,0,8,40,48,MediumFast,25,Mineral,,25,8.3,16.7,196,0,0,2,0,0,0,SnakePokemon
209,Snubbull,Snubbull,2,Fairy,,60,80,50,40,40,30,0.6,1,7.8,0,50,0,0.75,1,106,0,1,23,0,0,0,0,1,4,12,Fast,190,Field,Fairy,20,6.7,13.3,63,0,1,0,0,0,0,BipedPokemon
210,Granbull,Granbull,2,Fairy,,90,120,75,60,60,45,1.4,1,48.7,0,50,0,0.75,2,106,1,0,0,0,0,0,0,5,24,30,Fast,75,Field,Fairy,20,6.7,13.3,178,0,2,0,0,0,0,BipedPokemonWithTail
211,Qwilfish,Qwilfish,2,Water,Poison,65,95,85,55,55,85,0.5,1,3.9,0,50,0,0.5,1,107,1,0,0,0,0,0,0,4,16,24,MediumFast,45,Water2,,20,6.7,13.3,100,0,1,0,0,0,0,FishPokemonWithPectoralCaudalDorsalFins
212,Scizor,Scizor,2,Bug,Steel,70,130,100,55,80,65,1.8,1,118,0,50,0,0.5,2,58,1,0,0,0,0,0,0,7,40,48,MediumFast,25,Bug,,25,8.3,16.7,200,0,2,0,0,0,0,InsectPokemonWithWingsAndLegs
213,Shuckle,Shuckle,2,Bug,Rock,20,10,230,10,230,5,0.6,1,20.5,0,50,0,0.5,1,108,1,0,0,0,0,0,0,5,18,26,MediumSlow,190,Bug,,20,6.7,13.3,80,0,0,1,0,1,0,InsectPokemonWith4Legs
214,Heracross,Heracross,2,Bug,Fighting,80,125,75,40,95,85,1.5,1,54,1,50,0,0.5,1,109,1,0,0,0,0,0,0,5,24,30,Slow,45,Bug,,25,8.3,16.7,200,0,2,0,0,0,0,BipedPokemon
215,Sneasel,Sneasel,2,Dark,Ice,55,95,55,35,75,115,0.9,1,28,0,35,0,0.5,1,110,0,0,0,0,0,0,0,3,12,20,MediumSlow,60,Field,,20,6.7,13.3,132,0,0,0,0,0,1,BipedPokemonWithTail
216,Teddiursa,Teddiursa,2,Normal,,60,80,50,50,50,40,0.6,1,8.8,0,50,0,0.5,1,111,0,1,30,0,0,0,0,1,5,12,MediumFast,120,Field,,20,6.7,13.3,124,0,1,0,0,0,0,BipedPokemonWithTail
217,Ursaring,Ursaring,2,Normal,,90,130,75,75,75,55,1.8,1,125.8,0,50,0,0.5,2,111,1,0,0,0,0,0,0,5,30,36,MediumFast,60,Field,,20,6.7,13.3,189,0,2,0,0,0,0,BipedPokemonWithTail
218,Slugma,Slugma,2,Fire,,40,40,40,70,40,20,0.7,1,35,0,50,0,0.5,1,112,0,1,38,0,0,0,0,1,6,14,MediumFast,190,Amorphous,,20,6.7,13.3,78,0,0,0,1,0,0,SnakePokemon
219,Magcargo,Magcargo,2,Fire,Rock,60,50,120,90,80,30,0.8,1,55,0,50,0,0.5,2,112,1,0,0,0,0,0,0,5,38,42,MediumFast,75,Amorphous,,20,6.7,13.3,154,0,0,2,0,0,0,SnakePokemon
220,Swinub,Swinub,2,Ice,Ground,50,50,40,30,30,50,0.4,1,6.5,0,50,0,0.5,1,113,0,1,33,0,0,0,0,1,6,14,Slow,225,Field,,20,6.7,13.3,78,0,1,0,0,0,0,QuadrupedPokemonWithPaws
221,Piloswine,Piloswine,2,Ice,Ground,100,100,80,60,60,50,1.1,1,55.8,0,50,0,0.5,2,113,0,0,0,0,0,0,0,4,33,38,Slow,75,Field,,20,6.7,13.3,160,1,1,0,0,0,0,QuadrupedPokemonWithPaws
222,Corsola,Corsola,2,Water,Rock,65,55,95,65,95,35,0.6,1,5,0,50,0,0.75,1,114,1,0,0,0,0,0,0,4,16,24,Fast,60,Water1,Water3,20,6.7,13.3,113,0,0,1,0,1,0,InsectPokemonWith4Legs
223,Remoraid,Remoraid,2,Water,,35,65,35,65,35,65,0.6,1,12,0,50,0,0.5,1,115,0,1,25,0,0,0,0,1,3,12,MediumFast,190,Water1,Water2,20,6.7,13.3,78,0,0,0,1,0,0,FishPokemonWithPectoralCaudalDorsalFins
224,Octillery,Octillery,2,Water,,75,105,75,105,75,45,0.9,1,28.5,0,50,0,0.5,2,115,1,0,0,0,0,0,0,5,25,30,MediumFast,75,Water1,Water2,20,6.7,13.3,164,0,1,0,1,0,0,TentaclePokemon
225,Delibird,Delibird,2,Ice,Flying,45,55,45,65,45,75,0.9,1,16,0,50,0,0.5,1,116,1,0,0,0,0,0,0,4,18,26,Fast,45,Water1,Field,20,6.7,13.3,183,0,0,0,0,0,1,WingedPokemonWithBeak
226,Mantine,Mantine,2,Water,Flying,85,40,70,80,140,70,2.1,1,220,0,50,0,0.5,2,117,1,0,0,0,0,0,0,6,26,34,Slow,25,Water1,,25,8.3,16.7,168,0,0,0,0,2,0,WingedPokemonWithJaw
227,Skarmory,Skarmory,2,Steel,Flying,65,80,140,40,70,70,1.7,1,50.5,0,50,0,0.5,1,118,1,0,0,0,0,0,0,5,32,38,Slow,25,Flying,,25,8.3,16.7,168,0,0,2,0,0,0,WingedPokemonWithBeak
228,Houndour,Houndour,2,Dark,Fire,45,60,30,80,50,65,0.6,1,10.8,0,35,0,0.5,1,119,0,1,24,0,0,0,0,1,5,14,Slow,120,Field,,20,6.7,13.3,114,0,0,0,1,0,0,QuadrupedPokemonWithPaws
229,Houndoom,Houndoom,2,Dark,Fire,75,90,50,110,80,95,1.4,1,35,0,35,0,0.5,2,119,1,0,0,0,0,0,0,5,24,30,Slow,45,Field,,20,6.7,13.3,204,0,0,0,2,0,0,QuadrupedPokemonWithPaws
230,Kingdra,Kingdra,2,Water,Dragon,75,95,95,95,95,85,1.8,1,152,0,50,0,0.5,3,54,1,0,0,0,0,0,0,8,45,50,MediumFast,45,Water1,Dragon,20,6.7,13.3,207,0,1,0,1,1,0,HeadPokemonWithBody
231,Phanpy,Phanpy,2,Ground,,90,60,60,40,40,40,0.5,1,33.5,0,50,0,0.5,1,120,0,1,25,0,0,0,0,1,5,12,MediumFast,120,Field,,20,6.7,13.3,124,1,0,0,0,0,0,QuadrupedPokemonWithPaws
232,Donphan,Donphan,2,Ground,,90,120,120,60,60,50,1.1,1,120,0,50,0,0.5,2,120,1,0,0,0,0,0,0,5,28,34,MediumFast,60,Field,,20,6.7,13.3,189,0,1,1,0,0,0,QuadrupedPokemonWithPaws
233,Porygon2,Porygon2_,2,Normal,,85,80,90,105,95,60,0.6,1,32.5,0,50,1,-1,2,68,0,0,0,0,0,0,1,7,20,20,MediumFast,45,Mineral,,20,6.7,13.3,180,0,0,0,2,0,0,HeadPokemonWithLegs
234,Stantler,Stantler,2,Normal,,73,95,62,85,65,85,1.4,1,71.2,0,50,0,0.5,1,121,1,0,0,0,0,0,0,4,18,26,Slow,45,Field,,20,6.7,13.3,165,0,1,0,0,0,0,QuadrupedPokemonWithHoovesAndTail
235,Smeargle,Smeargle,2,Normal,,55,20,35,20,45,75,1.2,1,58,0,50,0,0.5,1,122,1,0,0,0,0,0,0,5,16,24,Fast,45,Field,,20,6.7,13.3,106,0,0,0,0,0,1,BipedPokemonWithTail
236,Tyrogue,Tyrogue,2,Fighting,,35,35,35,35,35,35,0.7,1,21,0,50,0,0,1,47,0,1,20,1,0,0,0,3,2,5,MediumFast,75,Undiscovered,,25,8.3,16.7,91,0,1,0,0,0,0,BipedPokemon
237,Hitmontop,Hitmontop,2,Fighting,,50,95,95,35,110,70,1.4,1,48,0,50,0,0,2,47,1,0,0,0,0,0,0,5,30,36,MediumFast,45,HumanLike,,25,8.3,16.7,138,0,0,0,0,2,0,BipedPokemonWithTail
238,Smoochum,Smoochum,2,Ice,Psychic,45,30,15,85,65,65,0.4,1,6,0,50,0,1,1,59,0,1,30,1,0,0,0,3,2,5,MediumFast,45,Undiscovered,,25,8.3,16.7,87,0,0,0,1,0,0,BipedPokemon
239,Elekid,Elekid,2,Electric,,45,63,37,65,55,95,0.6,1,23.5,0,50,0,0.25,1,60,0,1,30,1,0,0,0,3,2,5,MediumFast,45,Undiscovered,,25,8.3,16.7,106,0,0,0,0,0,1,BipedPokemon
240,Magby,Magby,2,Fire,,45,75,37,70,55,83,0.7,1,21.4,0,50,0,0.25,1,61,0,1,30,1,0,0,0,3,2,5,MediumFast,45,Undiscovered,,25,8.3,16.7,117,0,0,0,0,0,1,BipedPokemonWithTail
241,Miltank,Miltank,2,Normal,,95,80,105,40,70,100,1.2,1,75.5,0,50,0,1,1,123,1,0,0,0,0,0,0,4,20,28,Slow,45,Field,,20,6.7,13.3,200,0,0,2,0,0,0,BipedPokemonWithTail
242,Blissey,Blissey,2,Normal,,255,10,10,75,135,55,1.5,1,46.8,0,140,0,1,3,51,1,0,0,0,0,0,0,8,36,40,Fast,30,Fairy,,40,13.3,26.7,255,3,0,0,0,0,0,BipedPokemon
243,Raikou,Raikou,2,Electric,,90,85,75,115,100,115,1.9,1,178,0,35,1,-1,1,124,1,0,0,0,0,1,0,10,50,50,Slow,3,Undiscovered,,80,26.7,53.3,216,0,0,0,1,0,2,QuadrupedPokemonWithPaws
244,Entei,Entei,2,Fire,,115,115,85,90,75,100,2.1,1,198,0,35,1,-1,1,125,1,0,0,0,0,1,0,10,50,50,Slow,3,Undiscovered,,80,26.7,53.3,217,1,2,0,0,0,0,QuadrupedPokemonWithPaws
245,Suicune,Suicune,2,Water,,100,75,115,90,115,85,2,1,187,0,35,1,-1,1,126,1,0,0,0,0,1,0,10,50,50,Slow,3,Undiscovered,,80,26.7,53.3,215,0,0,1,0,2,0,QuadrupedPokemonWithPaws
246,Larvitar,Larvitar,2,Rock,Ground,50,64,50,45,50,41,0.6,1,72,0,35,0,0.5,1,127,0,1,30,0,0,0,0,5,8,16,Slow,45,Monster,,40,13.3,26.7,67,0,1,0,0,0,0,BipedPokemonWithTail
247,Pupitar,Pupitar,2,Rock,Ground,70,84,70,65,70,51,1.2,1,152,0,35,0,0.5,2,127,0,1,55,0,0,0,0,7,30,36,Slow,45,Monster,,40,13.3,26.7,144,0,2,0,0,0,0,SnakePokemon
248,Tyranitar,Tyranitar,2,Rock,Dark,100,134,110,95,100,61,2,1,202,0,35,0,0.5,3,127,1,0,0,0,0,0,0,9,55,58,Slow,45,Monster,,40,13.3,26.7,218,0,3,0,0,0,0,BipedPokemonWithTail
249,Lugia,Lugia,2,Psychic,Flying,106,90,130,90,154,110,5.2,2,216,0,0,1,-1,1,128,1,0,0,0,0,1,0,10,70,70,Slow,3,Undiscovered,,120,40,80,220,0,0,0,0,3,0,WingedPokemonWithJaw
250,Ho-Oh,HoOh,2,Fire,Flying,106,130,90,110,154,90,3.8,2,199,0,0,1,-1,1,129,1,0,0,0,0,1,0,10,70,70,Slow,3,Undiscovered,,120,40,80,220,0,0,0,0,3,0,WingedPokemonWithBeak
251,Celebi,Celebi,2,Psychic,Grass,100,100,100,100,100,100,0.6,1,5,0,100,1,-1,1,130,1,0,0,0,0,1,0,10,30,30,MediumSlow,45,Undiscovered,,120,40,80,64,3,0,0,0,0,0,BipedPokemon
252,Treecko,Treecko,3,Grass,,40,45,35,65,55,70,0.5,1,5,0,50,0,0.125,1,131,0,1,16,0,0,0,0,3,5,12,MediumSlow,45,Monster,Dragon,20,6.7,13.3,65,0,0,0,0,0,1,BipedPokemonWithTail
253,Grovyle,Grovyle,3,Grass,,50,65,45,85,65,95,0.9,1,21.6,0,50,0,0.125,2,131,0,1,36,0,0,0,0,5,20,27,MediumSlow,45,Monster,Dragon,20,6.7,13.3,141,0,0,0,0,0,2,BipedPokemonWithTail
254,Sceptile,Sceptile,3,Grass,,70,85,65,105,85,120,1.7,1,52.2,0,50,0,0.125,3,131,1,0,0,0,0,0,0,7,35,42,MediumSlow,45,Monster,Dragon,20,6.7,13.3,208,0,0,0,0,0,3,BipedPokemonWithTail
255,Torchic,Torchic,3,Fire,,45,60,40,70,50,45,0.4,1,2.5,0,50,0,0.125,1,132,0,1,16,0,0,0,0,3,5,12,MediumSlow,45,Field,,20,6.7,13.3,65,0,0,0,1,0,0,HeadPokemonWithLegs
256,Combusken,Combusken,3,Fire,Fighting,60,85,60,85,60,55,0.9,1,19.5,0,50,0,0.125,2,132,0,1,36,0,0,0,0,5,20,27,MediumSlow,45,Field,,20,6.7,13.3,142,0,1,0,1,0,0,BipedPokemonWithTail
257,Blaziken,Blaziken,3,Fire,Fighting,80,120,70,110,70,80,1.9,1,52,0,50,0,0.125,3,132,1,0,0,0,0,0,0,7,36,42,MediumSlow,45,Field,,20,6.7,13.3,209,0,3,0,0,0,0,BipedPokemonWithTail
258,Mudkip,Mudkip,3,Water,,50,70,50,50,50,40,0.4,1,7.6,0,50,0,0.125,1,133,0,1,16,0,0,0,0,3,5,12,MediumSlow,45,Monster,Water1,20,6.7,13.3,65,0,1,0,0,0,0,QuadrupedPokemonWithPaws
259,Marshtomp,Marshtomp,3,Water,Ground,70,85,70,60,70,50,0.7,1,28,0,50,0,0.125,2,133,0,1,36,0,0,0,0,5,20,27,MediumSlow,45,Monster,Water1,20,6.7,13.3,143,0,2,0,0,0,0,BipedPokemonWithTail
260,Swampert,Swampert,3,Water,Ground,100,110,90,85,90,60,1.5,1,81.9,0,50,0,0.125,3,133,1,0,0,0,0,0,0,7,36,42,MediumSlow,45,Monster,Water1,20,6.7,13.3,210,0,3,0,0,0,0,BipedPokemonWithTail
261,Poochyena,Poochyena,3,Dark,,35,55,35,30,30,35,0.5,1,13.6,0,50,0,0.5,1,134,0,1,18,0,0,0,0,1,4,10,MediumFast,255,Field,,15,5,10,55,0,1,0,0,0,0,QuadrupedPokemonWithPaws
262,Mightyena,Mightyena,3,Dark,,70,90,70,60,60,70,1,1,37,0,50,0,0.5,2,134,1,0,0,0,0,0,0,5,20,28,MediumFast,127,Field,,15,5,10,128,0,2,0,0,0,0,QuadrupedPokemonWithPaws
263,Zigzagoon,Zigzagoon,3,Normal,,38,30,41,30,41,60,0.4,1,17.5,0,50,0,0.5,1,135,0,1,20,0,0,0,0,1,3,10,MediumFast,255,Field,,15,5,10,60,0,0,0,0,0,1,QuadrupedPokemonWithPaws
264,Linoone,Linoone,3,Normal,,78,70,61,50,61,100,0.5,1,32.5,0,50,0,0.5,2,135,1,0,0,0,0,0,0,4,20,26,MediumFast,90,Field,,15,5,10,128,0,0,0,0,0,2,QuadrupedPokemonWithPaws
265,Wurmple,Wurmple,3,Bug,,45,45,35,20,30,20,0.3,1,3.6,0,50,0,0.5,1,136,0,1,7,0,0,0,0,1,2,5,MediumFast,255,Bug,,15,5,10,54,1,0,0,0,0,0,InsectPokemonWith6Legs
266,Silcoon,Silcoon,3,Bug,,50,35,55,25,25,15,0.6,1,10,0,50,0,0.5,2,136,0,1,10,0,0,0,0,3,6,8,MediumFast,120,Bug,,15,5,10,72,0,0,2,0,0,0,HeadPokemon
267,Beautifly,Beautifly,3,Bug,Flying,60,70,50,100,50,65,1,1,28.4,0,50,0,0.5,3,136,1,0,0,0,0,0,0,5,15,25,MediumFast,45,Bug,,15,5,10,161,0,0,0,3,0,0,InsectPokemonWithWingsAndLegs
268,Cascoon,Cascoon,3,Bug,,50,35,55,25,25,15,0.7,1,11.5,0,50,0,0.5,2,136,0,1,10,0,0,0,0,3,6,8,MediumFast,120,Bug,,15,5,10,72,0,0,2,0,0,0,HeadPokemon
269,Dustox,Dustox,3,Bug,Poison,60,50,70,50,90,65,1.2,1,31.6,0,50,0,0.5,3,136,1,0,0,0,0,0,0,5,15,25,MediumFast,45,Bug,,15,5,10,161,0,0,0,0,3,0,InsectPokemonWithWingsAndLegs
270,Lotad,Lotad,3,Water,Grass,40,30,30,40,50,30,0.5,1,2.6,0,50,0,0.5,1,137,0,1,14,0,0,0,0,1,3,9,MediumSlow,255,Water1,Grass,15,5,10,74,0,0,0,0,1,0,InsectPokemonWith6Legs
271,Lombre,Lombre,3,Water,Grass,60,50,50,60,70,50,1.2,1,32.5,0,50,0,0.5,2,137,0,0,0,0,0,0,0,4,16,22,MediumSlow,120,Water1,Grass,15,5,10,141,0,0,0,0,2,0,BipedPokemon
272,Ludicolo,Ludicolo,3,Water,Grass,80,70,70,90,100,70,1.5,1,55,0,50,0,0.5,3,137,1,0,0,0,0,0,0,7,28,36,MediumSlow,45,Water1,Grass,15,5,10,181,0,0,0,0,3,0,BipedPokemon
273,Seedot,Seedot,3,Grass,,40,40,50,30,30,30,0.5,1,4,0,50,0,0.5,1,138,0,1,14,0,0,0,0,1,3,9,MediumSlow,255,Field,Grass,15,5,10,74,0,0,1,0,0,0,HeadPokemonWithLegs
274,Nuzleaf,Nuzleaf,3,Grass,Dark,70,70,40,60,40,60,1,1,28,0,50,0,0.5,2,138,0,0,0,0,0,0,0,4,16,22,MediumSlow,120,Field,Grass,15,5,10,141,0,2,0,0,0,0,BipedPokemon
275,Shiftry,Shiftry,3,Grass,Dark,90,100,60,90,60,80,1.3,1,59.6,0,50,0,0.5,3,138,1,0,0,0,0,0,0,7,28,36,MediumSlow,45,Field,Grass,15,5,10,181,0,3,0,0,0,0,BipedPokemon
276,Taillow,Taillow,3,Normal,Flying,40,55,30,30,30,85,0.3,1,2.3,0,50,0,0.5,1,139,0,1,22,0,0,0,0,1,4,10,MediumSlow,200,Flying,,15,5,10,59,0,0,0,0,0,1,WingedPokemonWithBeak
277,Swellow,Swellow,3,Normal,Flying,60,85,60,75,50,125,0.7,1,19.8,0,50,0,0.5,2,139,1,0,0,0,0,0,0,5,24,30,MediumSlow,45,Flying,,15,5,10,162,0,0,0,0,0,2,WingedPokemonWithBeak
278,Wingull,Wingull,3,Water,Flying,40,30,30,55,30,85,0.6,1,9.5,0,50,0,0.5,1,140,0,1,25,0,0,0,0,1,4,12,MediumFast,190,Water1,Flying,20,6.7,13.3,64,0,0,0,0,0,1,WingedPokemonWithBeak
279,Pelipper,Pelipper,3,Water,Flying,60,50,100,95,70,65,1.2,1,28,0,50,0,0.5,2,140,1,0,0,0,0,0,0,5,26,32,MediumFast,45,Water1,Flying,20,6.7,13.3,164,0,0,2,0,0,0,WingedPokemonWithBeak
280,Ralts,Ralts,3,Psychic,Fairy,28,25,25,45,35,40,0.4,1,6.6,0,35,0,0.5,1,141,0,1,20,0,0,0,0,4,5,12,Slow,235,HumanLike,Amorphous,20,6.7,13.3,70,0,0,0,1,0,0,BipedPokemon
281,Kirlia,Kirlia,3,Psychic,Fairy,38,35,35,65,55,50,0.8,1,20.2,0,35,0,0.5,2,141,0,1,30,0,0,0,0,6,20,24,Slow,120,HumanLike,Amorphous,20,6.7,13.3,140,0,0,0,2,0,0,BipedPokemon
282,Gardevoir,Gardevoir,3,Psychic,Fairy,68,65,65,125,115,80,1.6,1,48.4,0,35,0,1,3,141,1,0,0,0,0,0,0,8,34,40,Slow,45,HumanLike,Amorphous,20,6.7,13.3,208,0,0,0,3,0,0,BipedPokemon
283,Surskit,Surskit,3,Bug,Water,40,30,32,50,52,65,0.5,1,1.7,0,50,0,0.5,1,142,0,1,22,0,0,0,0,1,4,10,MediumFast,200,Water1,Bug,15,5,10,63,0,0,0,0,0,1,InsectPokemonWith4Legs
284,Masquerain,Masquerain,3,Bug,Flying,70,60,62,100,82,80,0.8,1,3.6,0,50,0,0.5,2,142,1,0,0,0,0,0,0,5,22,28,MediumFast,75,Water1,Bug,15,5,10,128,0,0,0,1,1,0,InsectPokemonWithWingsAndLegs
285,Shroomish,Shroomish,3,Grass,,60,40,60,40,60,35,0.4,1,4.5,0,50,0,0.5,1,143,0,1,23,0,0,0,0,2,5,12,Fluctuating,255,Fairy,Grass,15,5,10,65,1,0,0,0,0,0,HeadPokemonWithLegs
286,Breloom,Breloom,3,Grass,Fighting,60,130,80,60,60,70,1.2,1,39.2,0,50,0,0.5,2,143,1,0,0,0,0,0,0,6,26,32,Fluctuating,90,Fairy,Grass,15,5,10,165,0,2,0,0,0,0,BipedPokemonWithTail
287,Slakoth,Slakoth,3,Normal,,60,60,60,35,35,30,0.8,1,24,0,50,0,0.5,1,144,0,1,18,0,0,0,0,2,4,10,Slow,255,Field,,15,5,10,83,1,0,0,0,0,0,QuadrupedPokemonWithPaws
288,Vigoroth,Vigoroth,3,Normal,,80,80,80,55,55,90,1.4,1,46.5,0,50,0,0.5,2,144,0,1,36,0,0,0,0,5,20,26,Slow,120,Field,,15,5,10,126,0,0,0,0,0,2,BipedPokemonWithTail
289,Slaking,Slaking,3,Normal,,150,160,100,95,65,100,2,1,130.5,0,50,0,0.5,3,144,1,0,0,0,0,0,0,7,38,44,Slow,45,Field,,15,5,10,210,3,0,0,0,0,0,BipedPokemon
290,Nincada,Nincada,3,Bug,Ground,31,45,90,30,30,40,0.5,1,5.5,0,50,0,0.5,1,145,0,1,20,0,0,0,0,2,4,10,Erratic,255,Bug,,15,5,10,65,0,0,1,0,0,0,InsectPokemonWith4Legs
291,Ninjask,Ninjask,3,Bug,Flying,61,90,45,50,50,160,0.8,1,12,0,50,0,0.5,2,145,1,0,0,0,0,0,0,5,22,28,Erratic,120,Bug,,15,5,10,155,0,0,0,0,0,2,InsectPokemonWithWingsAndLegs
292,Shedinja,Shedinja,3,Bug,Ghost,1,90,45,30,30,40,0.8,1,1.2,0,50,1,-1,2,145,1,0,0,0,0,0,1,5,22,28,Erratic,45,Mineral,,15,5,10,95,2,0,0,0,0,0,HeadPokemonWithBody
293,Whismur,Whismur,3,Normal,,64,51,23,51,23,28,0.6,1,16.3,0,50,0,0.5,1,146,0,1,20,0,0,0,0,1,3,10,MediumSlow,190,Monster,Field,20,6.7,13.3,68,1,0,0,0,0,0,BipedPokemonWithTail
294,Loudred,Loudred,3,Normal,,84,71,43,71,43,48,1,1,40.5,0,50,0,0.5,2,146,0,1,40,0,0,0,0,4,20,26,MediumSlow,120,Monster,Field,20,6.7,13.3,126,2,0,0,0,0,0,BipedPokemonWithTail
295,Exploud,Exploud,3,Normal,,104,91,63,91,73,68,1.5,1,84,0,50,0,0.5,3,146,1,0,0,0,0,0,0,7,40,45,MediumSlow,45,Monster,Field,20,6.7,13.3,184,3,0,0,0,0,0,BipedPokemonWithTail
296,Makuhita,Makuhita,3,Fighting,,72,60,30,20,30,25,1,1,86.4,0,50,0,0.25,1,147,0,1,24,0,0,0,0,2,8,14,Fluctuating,180,HumanLike,,20,6.7,13.3,87,1,0,0,0,0,0,BipedPokemon
297,Hariyama,Hariyama,3,Fighting,,144,120,60,40,60,50,2.3,1,253.8,0,50,0,0.25,2,147,1,0,0,0,0,0,0,6,28,36,Fluctuating,200,HumanLike,,20,6.7,13.3,184,2,0,0,0,0,0,BipedPokemon
298,Azurill,Azurill,3,Normal,Fairy,50,20,40,20,40,20,0.2,1,2,0,50,0,0.75,1,91,0,0,0,1,0,0,0,3,2,5,Fast,150,Undiscovered,,10,3.3,6.7,33,1,0,0,0,0,0,HeadPokemonWithLegs
299,Nosepass,Nosepass,3,Rock,,30,45,135,45,90,30,1,1,97,0,50,0,0.5,1,148,0,1,38,0,0,0,0,2,8,18,MediumFast,255,Mineral,,20,6.7,13.3,108,0,0,1,0,0,0,BipedPokemon
300,Skitty,Skitty,3,Normal,,50,45,45,35,35,50,0.6,1,11,0,50,0,0.75,1,149,0,0,0,0,0,0,0,1,3,10,Fast,255,Field,Fairy,15,5,10,65,0,0,0,0,0,1,QuadrupedPokemonWithPaws
301,Delcatty,Delcatty,3,Normal,,70,65,65,55,55,90,1.1,1,32.6,0,50,0,0.75,2,149,1,0,0,0,0,0,0,5,22,28,Fast,60,Field,Fairy,15,5,10,138,1,0,0,0,0,1,QuadrupedPokemonWithPaws
302,Sableye,Sableye,3,Dark,Ghost,50,75,75,65,65,50,0.5,1,11,0,35,0,0.5,1,150,1,0,0,0,0,0,0,5,18,26,MediumSlow,45,HumanLike,,25,8.3,16.7,98,0,1,1,0,0,0,BipedPokemon
303,Mawile,Mawile,3,Steel,Fairy,50,85,85,55,55,50,0.6,1,11.5,0,50,0,0.5,1,151,1,0,0,0,0,0,0,5,18,26,Fast,45,Field,Fairy,20,6.7,13.3,98,0,1,1,0,0,0,BipedPokemon
304,Aron,Aron,3,Steel,Rock,50,70,100,40,40,30,0.4,1,60,0,35,0,0.5,1,152,0,1,32,0,0,0,0,3,5,12,Slow,180,Monster,,35,11.7,23.3,96,0,0,1,0,0,0,QuadrupedPokemonWithPaws
305,Lairon,Lairon,3,Steel,Rock,60,90,140,50,50,40,0.9,1,120,0,35,0,0.5,2,152,0,1,42,0,0,0,0,6,32,35,Slow,90,Monster,,35,11.7,23.3,152,0,0,2,0,0,0,QuadrupedPokemonWithPaws
306,Aggron,Aggron,3,Steel,Rock,70,110,180,60,60,50,2.1,1,360,0,35,0,0.5,3,152,1,0,0,0,0,0,0,8,42,48,Slow,45,Monster,,35,11.7,23.3,205,0,0,3,0,0,0,BipedPokemonWithTail
307,Meditite,Meditite,3,Fighting,Psychic,30,40,55,40,55,60,0.6,1,11.2,0,50,0,0.5,1,153,0,1,37,0,0,0,0,2,6,16,MediumFast,180,HumanLike,,20,6.7,13.3,91,0,0,0,0,0,1,BipedPokemon
308,Medicham,Medicham,3,Fighting,Psychic,60,60,75,60,75,80,1.3,1,31.5,0,50,0,0.5,2,153,1,0,0,0,0,0,0,6,38,44,MediumFast,90,HumanLike,,20,6.7,13.3,153,0,0,0,0,0,2,BipedPokemon
309,Electrike,Electrike,3,Electric,,40,45,40,65,40,65,0.6,1,15.2,0,50,0,0.5,1,154,0,1,26,0,0,0,0,1,5,12,Slow,120,Field,,20,6.7,13.3,104,0,0,0,0,0,1,QuadrupedPokemonWithPaws
310,Manectric,Manectric,3,Electric,,70,75,60,105,60,105,1.5,1,40.2,0,50,0,0.5,2,154,1,0,0,0,0,0,0,5,28,34,Slow,45,Field,,20,6.7,13.3,168,0,0,0,0,0,2,QuadrupedPokemonWithPaws
311,Plusle,Plusle,3,Electric,,60,50,40,85,75,95,0.4,1,4.2,0,50,0,0.5,1,155,1,0,0,0,0,0,0,2,16,24,MediumFast,200,Fairy,,20,6.7,13.3,120,0,0,0,0,0,1,BipedPokemonWithTail
312,Minun,Minun,3,Electric,,60,40,50,75,85,95,0.4,1,4.2,0,50,0,0.5,1,156,1,0,0,0,0,0,0,2,16,24,MediumFast,200,Fairy,,20,6.7,13.3,120,0,0,0,0,0,1,BipedPokemonWithTail
313,Volbeat,Volbeat,3,Bug,,65,73,75,47,85,85,0.7,1,17.7,0,50,0,0,1,157,1,0,0,0,0,0,0,4,16,24,Erratic,150,Bug,HumanLike,15,5,10,146,0,0,0,0,0,1,BipedPokemonWithTail
314,Illumise,Illumise,3,Bug,,65,47,75,73,85,85,0.6,1,17.7,0,50,0,1,1,158,1,0,0,0,0,0,0,4,16,24,Fluctuating,150,Bug,HumanLike,15,5,10,146,0,0,0,0,0,1,BipedPokemon
315,Roselia,Roselia,3,Grass,Poison,50,60,45,100,80,65,0.3,1,2,0,50,0,0.5,2,159,0,0,0,0,0,0,0,2,16,24,MediumSlow,150,Fairy,Grass,20,6.7,13.3,152,0,0,0,2,0,0,BipedPokemon
316,Gulpin,Gulpin,3,Poison,,70,43,53,43,53,40,0.4,1,10.3,0,50,0,0.5,1,160,0,1,26,0,0,0,0,2,5,12,Fluctuating,225,Amorphous,,20,6.7,13.3,75,1,0,0,0,0,0,HeadPokemonWithArms
317,Swalot,Swalot,3,Poison,,100,73,83,73,83,55,1.7,1,80,0,50,0,0.5,2,160,1,0,0,0,0,0,0,5,26,34,Fluctuating,75,Amorphous,,20,6.7,13.3,168,2,0,0,0,0,0,HeadPokemonWithArms
318,Carvanha,Carvanha,3,Water,Dark,45,90,20,65,20,65,0.8,1,20.8,0,35,0,0.5,1,161,0,1,30,0,0,0,0,2,6,14,Slow,225,Water2,,20,6.7,13.3,88,0,1,0,0,0,0,FishPokemonWithPectoralCaudalDorsalFins
319,Sharpedo,Sharpedo,3,Water,Dark,70,120,40,95,40,95,1.8,1,88.8,0,35,0,0.5,2,161,1,0,0,0,0,0,0,5,32,38,Slow,60,Water2,,20,6.7,13.3,175,0,2,0,0,0,0,FishPokemonWithPectoralCaudalDorsalFins
320,Wailmer,Wailmer,3,Water,,130,70,35,70,35,60,2,1,130,0,50,0,0.5,1,162,0,1,40,0,0,0,0,4,14,20,Fluctuating,125,Field,Water2,40,13.3,26.7,137,1,0,0,0,0,0,FishPokemonWithPectoralCaudalDorsalFins
321,Wailord,Wailord,3,Water,,170,90,45,90,45,60,14.5,2,398,0,50,0,0.5,2,162,1,0,0,0,0,0,0,8,40,46,Fluctuating,60,Field,Water2,40,13.3,26.7,206,2,0,0,0,0,0,FishPokemonWithPectoralCaudalDorsalFins
322,Numel,Numel,3,Fire,Ground,60,60,40,65,45,35,0.7,1,24,0,50,0,0.5,1,163,0,1,33,0,0,0,0,2,6,14,MediumFast,255,Field,,20,6.7,13.3,88,0,0,0,1,0,0,QuadrupedPokemonWithPaws
323,Camerupt,Camerupt,3,Fire,Ground,70,100,70,105,75,40,1.9,1,220,0,50,0,0.5,2,163,1,0,0,0,0,0,0,6,36,42,MediumFast,150,Field,,20,6.7,13.3,175,0,1,0,1,0,0,QuadrupedPokemonWithHoovesAndTail
324,Torkoal,Torkoal,3,Fire,,70,85,140,85,70,20,0.5,1,80.4,0,50,0,0.5,1,164,1,0,0,0,0,0,0,4,24,30,MediumFast,90,Field,,20,6.7,13.3,161,0,0,2,0,0,0,QuadrupedPokemonWithPaws
325,Spoink,Spoink,3,Psychic,,60,25,35,70,80,60,0.7,1,30.6,0,50,0,0.5,1,165,0,1,32,0,0,0,0,1,4,12,Fast,255,Field,,20,6.7,13.3,89,0,0,0,0,1,0,HeadPokemonWithArms
326,Grumpig,Grumpig,3,Psychic,,80,45,65,90,110,80,0.9,1,71.5,0,50,0,0.5,2,165,1,0,0,0,0,0,0,5,32,38,Fast,60,Field,,20,6.7,13.3,164,0,0,0,0,2,0,BipedPokemonWithTail
327,Spinda,Spinda,3,Normal,,60,60,60,60,60,60,1.1,1,5,0,50,0,0.5,1,166,1,0,0,0,0,0,0,4,16,24,Fast,255,Field,HumanLike,15,5,10,85,0,0,0,1,0,0,BipedPokemonWithTail
328,Trapinch,Trapinch,3,Ground,,45,100,45,45,45,10,0.7,1,15,0,50,0,0.5,1,167,0,1,35,0,0,0,0,3,8,16,MediumSlow,255,Bug,Dragon,20,6.7,13.3,73,0,1,0,0,0,0,InsectPokemonWith4Legs
329,Vibrava,Vibrava,3,Ground,Dragon,50,70,50,50,50,70,1.1,1,15.3,0,50,0,0.5,2,167,0,1,45,0,0,0,0,6,35,38,MediumSlow,120,Bug,Dragon,20,6.7,13.3,126,0,1,0,0,0,1,InsectPokemonWithWingsAndLegs
330,Flygon,Flygon,3,Ground,Dragon,80,100,80,80,80,100,2,1,82,0,50,0,0.5,3,167,1,0,0,0,0,0,0,8,46,52,MediumSlow,45,Bug,Dragon,20,6.7,13.3,197,0,1,0,0,0,2,WingedPokemonWithJaw
331,Cacnea,Cacnea,3,Grass,,50,85,40,85,40,35,0.4,1,51.3,0,35,0,0.5,1,168,0,1,32,0,0,0,0,2,6,14,MediumSlow,190,Grass,HumanLike,20,6.7,13.3,97,0,0,0,1,0,0,BipedPokemon
332,Cacturne,Cacturne,3,Grass,Dark,70,115,60,115,60,55,1.3,1,77.4,0,35,0,0.5,2,168,1,0,0,0,0,0,0,5,32,38,MediumSlow,60,Grass,HumanLike,20,6.7,13.3,177,0,1,0,1,0,0,BipedPokemon
333,Swablu,Swablu,3,Normal,Flying,45,40,60,40,75,50,0.4,1,1.2,0,50,0,0.5,1,169,0,1,35,0,0,0,0,5,6,14,Erratic,255,Flying,Dragon,20,6.7,13.3,74,0,0,0,0,1,0,WingedPokemonWithBeak
334,Altaria,Altaria,3,Dragon,Flying,75,70,90,70,105,80,1.1,1,20.6,0,50,0,0.5,2,169,1,0,0,0,0,0,0,8,36,42,Erratic,45,Flying,Dragon,20,6.7,13.3,188,0,0,0,0,2,0,WingedPokemonWithBeak
335,Zangoose,Zangoose,3,Normal,,73,115,60,60,60,90,1.3,1,40.3,0,50,0,0.5,1,170,1,0,0,0,0,0,0,4,22,30,Erratic,90,Field,,20,6.7,13.3,165,0,2,0,0,0,0,BipedPokemonWithTail
336,Seviper,Seviper,3,Poison,,73,100,60,100,60,65,1.3,1,52.5,0,50,0,0.5,1,171,1,0,0,0,0,0,0,4,22,30,Fluctuating,90,Field,Dragon,20,6.7,13.3,165,0,1,0,1,0,0,SnakePokemon
337,Lunatone,Lunatone,3,Rock,Psychic,90,55,65,95,85,70,1,1,168,0,50,1,-1,1,172,1,0,0,0,0,0,0,4,22,30,Fast,45,Mineral,,25,8.3,16.7,150,0,0,0,2,0,0,HeadPokemon
338,Solrock,Solrock,3,Rock,Psychic,90,95,85,55,65,70,1.2,1,154,0,50,1,-1,1,173,1,0,0,0,0,0,0,4,22,30,Fast,45,Mineral,,25,8.3,16.7,150,0,2,0,0,0,0,HeadPokemon
339,Barboach,Barboach,3,Water,Ground,50,48,43,46,41,60,0.4,1,1.9,0,50,0,0.5,1,174,0,1,30,0,0,0,0,1,4,12,MediumFast,190,Water2,,20,6.7,13.3,92,1,0,0,0,0,0,FishPokemonWithPectoralCaudalDorsalFins
340,Whiscash,Whiscash,3,Water,Ground,110,78,73,76,71,60,0.9,1,23.6,0,50,0,0.5,2,174,1,0,0,0,0,0,0,5,30,36,MediumFast,75,Water2,,20,6.7,13.3,158,2,0,0,0,0,0,FishPokemonWithPectoralCaudalDorsalFins
341,Corphish,Corphish,3,Water,,43,80,65,50,35,35,0.6,1,11.5,0,50,0,0.5,1,175,0,1,30,0,0,0,0,1,5,12,Fluctuating,205,Water1,Water3,15,5,10,111,0,1,0,0,0,0,InsectPokemonWith4LegsAndClaws
342,Crawdaunt,Crawdaunt,3,Water,Dark,63,120,85,90,55,55,1.1,1,32.8,0,50,0,0.5,2,175,1,0,0,0,0,0,0,6,30,36,Fluctuating,155,Water1,Water3,15,5,10,161,0,2,0,0,0,0,InsectPokemonWith4LegsAndClaws
343,Baltoy,Baltoy,3,Ground,Psychic,40,40,55,40,70,55,0.5,1,21.5,0,50,1,-1,1,176,0,1,36,0,0,0,0,2,6,14,MediumFast,255,Mineral,,20,6.7,13.3,58,0,0,0,0,1,0,HeadPokemonWithArms
344,Claydol,Claydol,3,Ground,Psychic,60,70,105,70,120,75,1.5,1,108,0,50,1,-1,2,176,1,0,0,0,0,0,0,6,36,42,MediumFast,90,Mineral,,20,6.7,13.3,189,0,0,0,0,2,0,HeadPokemonWithArms
345,Lileep,Lileep,3,Rock,Grass,66,41,77,61,87,23,1,1,23.8,0,50,0,0.125,1,177,0,1,40,0,1,0,0,4,20,20,Erratic,45,Water3,,30,10,20,99,0,0,0,0,1,0,HeadPokemonWithBody
346,Cradily,Cradily,3,Rock,Grass,86,81,97,81,107,43,1.5,1,60.4,0,50,0,0.125,2,177,1,0,0,0,1,0,0,6,40,40,Erratic,45,Water3,,30,10,20,199,0,0,0,0,2,0,HeadPokemonWithBody
347,Anorith,Anorith,3,Rock,Bug,45,95,50,40,50,75,0.7,1,12.5,0,50,0,0.125,1,178,0,1,40,0,1,0,0,4,20,20,Erratic,45,Water3,,30,10,20,99,0,1,0,0,0,0,InsectPokemonWith4LegsAndClaws
348,Armaldo,Armaldo,3,Rock,Bug,75,125,100,70,80,45,1.5,1,68.2,0,50,0,0.125,2,178,1,0,0,0,1,0,0,6,40,40,Erratic,45,Water3,,30,10,20,199,0,2,0,0,0,0,BipedPokemonWithTail
349,Feebas,Feebas,3,Water,,20,15,20,10,55,80,0.6,1,7.4,0,50,0,0.5,1,179,0,0,0,0,0,0,0,5,3,8,Erratic,255,Water1,Dragon,20,6.7,13.3,61,0,0,0,0,0,1,FishPokemonWithPectoralCaudalDorsalFins
350,Milotic,Milotic,3,Water,,95,60,79,100,125,81,6.2,1,162,0,50,0,0.5,2,179,1,0,0,0,0,0,0,8,30,40,Erratic,60,Water1,Dragon,20,6.7,13.3,213,0,0,0,0,2,0,SnakePokemon
351,Castform,Castform,3,Normal,,70,70,70,70,70,70,0.3,1,0.8,0,50,0,0.5,1,180,1,0,0,0,0,0,0,5,20,28,MediumFast,45,Fairy,Amorphous,25,8.3,16.7,145,1,0,0,0,0,0,HeadPokemon
352,Kecleon,Kecleon,3,Normal,,60,90,70,60,120,40,1,1,22,0,50,0,0.5,1,181,1,0,0,0,0,0,0,5,20,28,MediumSlow,200,Field,,20,6.7,13.3,132,0,0,0,0,1,0,BipedPokemonWithTail
353,Shuppet,Shuppet,3,Ghost,,44,75,35,63,33,45,0.6,1,2.3,0,35,0,0.5,1,182,0,1,37,0,0,0,0,2,8,16,Fast,225,Amorphous,,25,8.3,16.7,97,0,1,0,0,0,0,HeadPokemon
354,Banette,Banette,3,Ghost,,64,115,65,83,63,65,1.1,1,12.5,0,35,0,0.5,2,182,1,0,0,0,0,0,0,6,38,44,Fast,45,Amorphous,,25,8.3,16.7,179,0,2,0,0,0,0,BipedPokemonWithTail
355,Duskull,Duskull,3,Ghost,,20,40,90,30,90,25,0.8,1,15,0,35,0,0.5,1,183,0,1,37,0,0,0,0,2,8,16,Fast,190,Amorphous,,25,8.3,16.7,97,0,0,0,0,1,0,HeadPokemonWithArms
356,Dusclops,Dusclops,3,Ghost,,40,70,130,60,130,25,1.6,1,30.6,0,35,0,0.5,2,183,0,1,45,0,0,0,0,5,37,40,Fast,90,Amorphous,,25,8.3,16.7,179,0,0,1,0,1,0,BipedPokemon
357,Tropius,Tropius,3,Grass,Flying,99,68,83,72,87,51,2,1,100,0,50,0,0.5,1,184,1,0,0,0,0,0,0,5,26,34,Slow,200,Monster,Grass,25,8.3,16.7,169,2,0,0,0,0,0,QuadrupedPokemonWithPaws
358,Chimecho,Chimecho,3,Psychic,,75,50,80,95,90,65,0.6,1,1,0,50,0,0.5,2,185,1,0,0,0,0,0,0,5,22,28,Fast,45,Amorphous,,25,8.3,16.7,147,0,0,0,1,1,0,HeadPokemonWithArms
359,Absol,Absol,3,Dark,,65,130,60,75,60,75,1.2,1,47,0,35,0,0.5,1,186,1,0,0,0,0,0,0,5,28,36,MediumSlow,30,Field,,25,8.3,16.7,174,0,2,0,0,0,0,QuadrupedPokemonWithPaws
360,Wynaut,Wynaut,3,Psychic,,95,23,48,23,48,23,0.6,1,14,0,50,0,0.5,1,101,0,1,15,1,0,0,0,3,2,5,MediumFast,125,Undiscovered,,20,6.7,13.3,44,1,0,0,0,0,0,BipedPokemonWithTail
361,Snorunt,Snorunt,3,Ice,,50,50,50,50,50,50,0.7,1,16.8,0,50,0,0.5,1,187,0,1,42,0,0,0,0,2,6,14,MediumFast,190,Fairy,Mineral,20,6.7,13.3,74,1,0,0,0,0,0,BipedPokemon
362,Glalie,Glalie,3,Ice,,80,80,80,80,80,80,1.5,1,256.5,0,50,0,0,2,187,1,0,0,0,0,0,0,7,42,48,MediumFast,75,Fairy,Mineral,20,6.7,13.3,187,2,0,0,0,0,0,HeadPokemon
363,Spheal,Spheal,3,Ice,Water,70,40,50,55,50,25,0.8,1,39.5,0,50,0,0.5,1,188,0,1,32,0,0,0,0,2,6,16,MediumSlow,255,Water1,Field,20,6.7,13.3,75,1,0,0,0,0,0,FishPokemonWithPectoralCaudalDorsalFins
364,Sealeo,Sealeo,3,Ice,Water,90,60,70,75,70,45,1.1,1,87.6,0,50,0,0.5,2,188,0,1,44,0,0,0,0,4,32,36,MediumSlow,120,Water1,Field,20,6.7,13.3,128,2,0,0,0,0,0,FishPokemonWithPectoralCaudalDorsalFins
365,Walrein,Walrein,3,Ice,Water,110,80,90,95,90,65,1.4,1,150.6,0,50,0,0.5,3,188,1,0,0,0,0,0,0,7,44,48,MediumSlow,45,Water1,Field,20,6.7,13.3,192,3,0,0,0,0,0,QuadrupedPokemonWithPaws
366,Clamperl,Clamperl,3,Water,,35,64,85,74,55,32,0.4,1,52.5,0,50,0,0.5,1,189,0,1,24,0,0,0,0,3,6,14,Erratic,255,Water1,,20,6.7,13.3,142,0,0,1,0,0,0,HeadPokemon
367,Huntail,Huntail,3,Water,,55,104,105,94,75,52,1.7,1,27,0,50,0,0.5,2,189,1,0,0,0,0,0,0,6,26,34,Erratic,60,Water1,,20,6.7,13.3,178,0,1,1,0,0,0,SnakePokemon
368,Gorebyss,Gorebyss,3,Water,,55,84,105,114,75,52,1.8,1,22.6,0,50,0,0.5,2,189,1,0,0,0,0,0,0,6,26,34,Erratic,60,Water1,,20,6.7,13.3,178,0,0,0,2,0,0,SnakePokemon
369,Relicanth,Relicanth,3,Water,Rock,100,90,130,45,65,55,1,1,23.4,0,50,0,0.125,1,190,1,0,0,0,0,0,0,5,22,28,Slow,25,Water1,Water2,40,13.3,26.7,198,1,0,1,0,0,0,FishPokemonWithPectoralCaudalDorsalFins
370,Luvdisc,Luvdisc,3,Water,,43,30,55,40,65,97,0.6,1,8.7,0,50,0,0.75,1,191,1,0,0,0,0,0,0,2,8,18,Fast,225,Water2,,20,6.7,13.3,110,0,0,0,0,0,1,FishPokemonWithPectoralCaudalDorsalFins
371,Bagon,Bagon,3,Dragon,,45,75,60,40,30,50,0.6,1,42.1,0,35,0,0.5,1,192,0,1,30,0,0,0,0,5,8,16,Slow,45,Dragon,,40,13.3,26.7,89,0,1,0,0,0,0,BipedPokemon
372,Shelgon,Shelgon,3,Dragon,,65,95,100,60,50,50,1.1,1,110.5,0,35,0,0.5,2,192,0,1,50,0,0,0,0,7,30,36,Slow,45,Dragon,,40,13.3,26.7,144,0,0,2,0,0,0,QuadrupedPokemonWithPaws
373,Salamence,Salamence,3,Dragon,Flying,95,135,80,110,80,100,1.5,1,102.6,0,35,0,0.5,3,192,1,0,0,0,0,0,0,9,55,58,Slow,45,Dragon,,40,13.3,26.7,218,0,3,0,0,0,0,QuadrupedPokemonWithPaws
374,Beldum,Beldum,3,Steel,Psychic,40,55,80,35,60,30,0.6,1,95.2,0,35,1,-1,1,193,0,1,20,0,0,0,0,5,8,14,Slow,3,Mineral,,40,13.3,26.7,103,0,0,1,0,0,0,HeadPokemonWithBody
375,Metang,Metang,3,Steel,Psychic,60,75,100,55,80,50,1.2,1,202.5,0,35,1,-1,2,193,0,1,45,0,0,0,0,7,20,26,Slow,3,Mineral,,40,13.3,26.7,153,0,0,2,0,0,0,HeadPokemonWithArms
376,Metagross,Metagross,3,Steel,Psychic,80,135,130,95,90,70,1.6,1,550,0,35,1,-1,3,193,1,0,0,0,0,0,0,9,50,56,Slow,3,Mineral,,40,13.3,26.7,210,0,0,3,0,0,0,QuadrupedPokemonWithPaws
377,Regirock,Regirock,3,Rock,,80,100,200,50,100,50,1.7,1,230,0,35,1,-1,1,194,1,0,0,0,0,1,0,10,50,50,Slow,3,Undiscovered,,80,26.7,53.3,217,0,0,3,0,0,0,BipedPokemon
378,Regice,Regice,3,Ice,,80,50,100,100,200,50,1.8,1,175,0,35,1,-1,1,195,1,0,0,0,0,1,0,10,50,50,Slow,3,Undiscovered,,80,26.7,53.3,216,0,0,0,0,3,0,BipedPokemon
379,Registeel,Registeel,3,Steel,,80,75,150,75,150,50,1.9,1,205,0,35,1,-1,1,196,1,0,0,0,0,1,0,10,50,50,Slow,3,Undiscovered,,80,26.7,53.3,215,0,0,2,0,1,0,BipedPokemon
380,Latias,Latias,3,Dragon,Psychic,80,80,90,110,130,110,1.4,1,40,0,90,0,1,1,197,1,0,0,0,0,1,0,10,50,50,Slow,3,Undiscovered,,120,40,80,211,0,0,0,0,3,0,WingedPokemonWithJaw
381,Latios,Latios,3,Dragon,Psychic,80,90,80,130,110,110,2,1,60,0,90,0,0,1,198,1,0,0,0,0,1,0,10,50,50,Slow,3,Undiscovered,,120,40,80,211,0,0,0,3,0,0,WingedPokemonWithJaw
382,Kyogre,Kyogre,3,Water,,100,100,90,150,140,90,4.5,2,352,0,0,1,-1,1,199,1,0,0,0,0,1,0,10,70,70,Slow,3,Undiscovered,,120,40,80,218,0,0,0,3,0,0,FishPokemonWithPectoralCaudalDorsalFins
383,Groudon,Groudon,3,Ground,,100,150,140,100,90,90,3.5,2,950,0,0,1,-1,1,200,1,0,0,0,0,1,0,10,70,70,Slow,3,Undiscovered,,120,40,80,218,0,3,0,0,0,0,BipedPokemonWithTail
384,Rayquaza,Rayquaza,3,Dragon,Flying,105,150,90,150,90,95,7,2,206.5,0,0,1,-1,1,201,1,0,0,0,0,1,0,10,80,80,Slow,3,Undiscovered,,120,40,80,220,0,2,0,1,0,0,SnakePokemon
385,Jirachi,Jirachi,3,Steel,Psychic,100,100,100,100,100,100,0.3,1,1.1,0,100,1,-1,1,202,1,0,0,0,0,1,0,10,30,30,Slow,3,Undiscovered,,120,40,80,215,3,0,0,0,0,0,BipedPokemon
386,Deoxys,Deoxys,3,Psychic,,50,150,50,150,50,150,1.7,1,60.8,0,0,1,-1,1,203,1,0,0,0,0,1,0,10,50,50,Slow,3,Undiscovered,,120,40,80,215,0,1,0,1,0,1,BipedPokemon
387,Turtwig,Turtwig,4,Grass,,55,68,64,45,55,31,0.4,1,10.2,0,50,0,0.125,1,204,0,1,18,0,0,0,0,3,5,12,MediumSlow,45,Monster,Grass,20,6.7,13.3,64,0,1,0,0,0,0,QuadrupedPokemonWithPaws
388,Grotle,Grotle,4,Grass,,75,89,85,55,65,36,1.1,1,97,0,50,0,0.125,2,204,0,1,32,0,0,0,0,5,20,27,MediumSlow,45,Monster,Grass,20,6.7,13.3,141,0,1,1,0,0,0,QuadrupedPokemonWithPaws
389,Torterra,Torterra,4,Grass,Ground,95,109,105,75,85,56,2.2,1,310,0,50,0,0.125,3,204,1,0,0,0,0,0,0,7,35,42,MediumSlow,45,Monster,Grass,20,6.7,13.3,208,0,2,1,0,0,0,QuadrupedPokemonWithPaws
390,Chimchar,Chimchar,4,Fire,,44,58,44,58,44,61,0.5,1,6.2,0,50,0,0.125,1,205,0,1,14,0,0,0,0,3,5,12,MediumSlow,45,Field,HumanLike,20,6.7,13.3,65,0,0,0,0,0,1,BipedPokemonWithTail
391,Monferno,Monferno,4,Fire,Fighting,64,78,52,78,52,81,0.9,1,22,0,50,0,0.125,2,205,0,1,36,0,0,0,0,5,20,27,MediumSlow,45,Field,HumanLike,20,6.7,13.3,142,0,0,0,1,0,1,BipedPokemonWithTail
392,Infernape,Infernape,4,Fire,Fighting,76,104,71,104,71,108,1.2,1,55,0,50,0,0.125,3,205,1,0,0,0,0,0,0,7,36,42,MediumSlow,45,Field,HumanLike,20,6.7,13.3,209,0,1,0,1,0,1,BipedPokemonWithTail
393,Piplup,Piplup,4,Water,,53,51,53,61,56,40,0.4,1,5.2,0,50,0,0.125,1,206,0,1,16,0,0,0,0,3,5,12,MediumSlow,45,Water1,Field,20,6.7,13.3,66,0,0,0,1,0,0,BipedPokemon
394,Prinplup,Prinplup,4,Water,,64,66,68,81,76,50,0.8,1,23,0,50,0,0.125,2,206,0,1,36,0,0,0,0,5,20,27,MediumSlow,45,Water1,Field,20,6.7,13.3,143,0,0,0,2,0,0,BipedPokemonWithTail
395,Empoleon,Empoleon,4,Water,Steel,84,86,88,111,101,60,1.7,1,84.5,0,50,0,0.125,3,206,1,0,0,0,0,0,0,7,36,42,MediumSlow,45,Water1,Field,20,6.7,13.3,210,0,0,0,3,0,0,BipedPokemonWithTail
396,Starly,Starly,4,Normal,Flying,40,55,30,30,30,60,0.3,1,2,0,50,0,0.5,1,207,0,1,14,0,0,0,0,1,3,10,MediumSlow,255,Flying,,15,5,10,56,0,0,0,0,0,1,WingedPokemonWithBeak
397,Staravia,Staravia,4,Normal,Flying,55,75,50,40,40,80,0.6,1,15.5,0,50,0,0.5,2,207,0,1,34,0,0,0,0,4,16,24,MediumSlow,120,Flying,,15,5,10,113,0,0,0,0,0,2,WingedPokemonWithBeak
398,Staraptor,Staraptor,4,Normal,Flying,85,120,70,50,60,100,1.2,1,24.9,0,50,0,0.5,3,207,1,0,0,0,0,0,0,6,36,42,MediumSlow,45,Flying,,15,5,10,172,0,3,0,0,0,0,WingedPokemonWithBeak
399,Bidoof,Bidoof,4,Normal,,59,45,40,35,40,31,0.5,1,20,0,50,0,0.5,1,208,0,1,15,0,0,0,0,1,3,8,MediumFast,255,Water1,Field,15,5,10,58,1,0,0,0,0,0,QuadrupedPokemonWithPaws
400,Bibarel,Bibarel,4,Normal,Water,79,85,60,55,60,71,1,1,31.5,0,50,0,0.5,2,208,1,0,0,0,0,0,0,4,20,26,MediumFast,127,Water1,Field,15,5,10,116,0,2,0,0,0,0,BipedPokemonWithTail
401,Kricketot,Kricketot,4,Bug,,37,25,41,25,41,25,0.3,1,2.2,0,50,0,0.5,1,209,0,1,10,0,0,0,0,1,3,6,MediumSlow,255,Bug,,15,5,10,54,0,0,1,0,0,0,BipedPokemon
402,Kricketune,Kricketune,4,Bug,,77,85,51,55,51,65,1,1,25.5,0,50,0,0.5,2,209,1,0,0,0,0,0,0,4,14,20,MediumSlow,45,Bug,,15,5,10,159,0,2,0,0,0,0,InsectPokemonWithWingsAndLegs
403,Shinx,Shinx,4,Electric,,45,65,34,40,34,45,0.5,1,9.5,0,50,0,0.5,1,210,0,1,15,0,0,0,0,3,5,12,MediumSlow,235,Field,,20,6.7,13.3,60,0,1,0,0,0,0,QuadrupedPokemonWithPaws
404,Luxio,Luxio,4,Electric,,60,85,49,60,49,60,0.9,1,30.5,0,100,0,0.5,2,210,0,1,30,0,0,0,0,5,16,22,MediumSlow,120,Field,,20,6.7,13.3,117,0,2,0,0,0,0,QuadrupedPokemonWithPaws
405,Luxray,Luxray,4,Electric,,80,120,79,95,79,70,1.4,1,42,0,50,0,0.5,3,210,1,0,0,0,0,0,0,7,32,38,MediumSlow,45,Field,,20,6.7,13.3,194,0,3,0,0,0,0,QuadrupedPokemonWithPaws
406,Budew,Budew,4,Grass,Poison,40,30,35,50,70,55,0.2,1,1.2,0,50,0,0.5,1,159,0,0,0,1,0,0,0,3,2,5,MediumSlow,255,Undiscovered,,20,6.7,13.3,68,0,0,0,1,0,0,BipedPokemon
407,Roserade,Roserade,4,Grass,Poison,60,70,65,125,105,90,0.9,1,14.5,0,50,0,0.5,3,159,1,0,0,0,0,0,0,6,30,36,MediumSlow,75,Fairy,Grass,20,6.7,13.3,204,0,0,0,3,0,0,BipedPokemon
408,Cranidos,Cranidos,4,Rock,,67,125,40,30,30,58,0.9,1,31.5,0,50,0,0.125,1,211,0,1,30,0,1,0,0,4,20,20,Erratic,45,Monster,,30,10,20,99,0,1,0,0,0,0,BipedPokemonWithTail
409,Rampardos,Rampardos,4,Rock,,97,165,60,65,50,58,1.6,1,102.5,0,50,0,0.125,2,211,1,0,0,0,1,0,0,6,30,30,Erratic,45,Monster,,30,10,20,199,0,2,0,0,0,0,BipedPokemonWithTail
410,Shieldon,Shieldon,4,Rock,Steel,30,42,118,42,88,30,0.5,1,57,0,50,0,0.125,1,212,0,1,30,0,1,0,0,4,20,20,Erratic,45,Monster,,30,10,20,99,0,0,1,0,0,0,QuadrupedPokemonWithPaws
411,Bastiodon,Bastiodon,4,Rock,Steel,60,52,168,47,138,30,1.3,1,149.5,0,50,0,0.125,2,212,1,0,0,0,1,0,0,6,30,30,Erratic,45,Monster,,30,10,20,199,0,0,2,0,0,0,QuadrupedPokemonWithPaws
412,Burmy,Burmy,4,Bug,,40,29,45,29,45,36,0.2,1,3.4,0,50,0,0.5,1,213,0,1,20,0,0,0,0,1,3,8,MediumFast,120,Bug,,15,5,10,61,0,0,0,0,1,0,HeadPokemonWithBody
413,Wormadam,Wormadam,4,Bug,Grass,60,59,85,79,105,36,0.5,1,6.5,0,50,0,1,2,213,1,0,0,0,0,0,0,4,22,26,MediumFast,45,Bug,,15,5,10,159,0,0,0,0,2,0,HeadPokemonWithBody
414,Mothim,Mothim,4,Bug,Flying,70,94,50,94,50,66,0.9,1,23.3,0,50,0,0,2,213,1,0,0,0,0,0,0,4,22,26,MediumFast,45,Bug,,15,5,10,159,0,1,0,1,0,0,InsectPokemonWithWingsAndLegs
415,Combee,Combee,4,Bug,Flying,30,30,42,30,42,70,0.3,1,5.5,1,50,0,0.125,1,214,0,1,21,0,0,0,0,2,4,10,MediumSlow,120,Bug,,15,5,10,63,0,0,0,0,0,1,MultipleBodiedPokemon3Head
416,Vespiquen,Vespiquen,4,Bug,Flying,70,80,102,80,102,40,1.2,1,38.5,0,50,0,1,2,214,1,0,0,0,0,0,0,6,24,30,MediumSlow,45,Bug,,15,5,10,188,0,0,1,0,1,0,InsectPokemonWithWingsAndLegs
417,Pachirisu,Pachirisu,4,Electric,,60,45,70,45,90,95,0.4,1,3.9,0,100,0,0.5,1,215,1,0,0,0,0,0,0,2,16,24,MediumFast,200,Field,Fairy,10,3.3,6.7,120,0,0,0,0,0,1,QuadrupedPokemonWithPaws
418,Buizel,Buizel,4,Water,,55,65,35,60,30,85,0.7,1,29.5,0,50,0,0.5,1,216,0,1,26,0,0,0,0,2,6,14,MediumFast,190,Water1,Field,20,6.7,13.3,75,0,0,0,0,0,1,QuadrupedPokemonWithPaws
419,Floatzel,Floatzel,4,Water,,85,105,55,85,50,115,1.1,1,33.5,0,50,0,0.5,2,216,1,0,0,0,0,0,0,5,28,34,MediumFast,75,Water1,Field,20,6.7,13.3,178,0,0,0,0,0,2,QuadrupedPokemonWithPaws
420,Cherubi,Cherubi,4,Grass,,45,35,45,62,53,35,0.4,1,3.3,0,50,0,0.5,1,217,0,1,25,0,0,0,0,1,5,12,MediumFast,190,Fairy,Grass,20,6.7,13.3,68,0,0,0,1,0,0,MultipleBodiedPokemon2Head
421,Cherrim,Cherrim,4,Grass,,70,60,70,87,78,85,0.5,1,9.3,0,50,0,0.5,2,217,1,0,0,0,0,0,0,4,25,30,MediumFast,75,Fairy,Grass,20,6.7,13.3,133,0,0,0,2,0,0,HeadPokemonWithLegs
422,Shellos,Shellos,4,Water,,76,48,48,57,62,34,0.3,1,6.3,0,50,0,0.5,1,218,0,1,30,0,0,0,0,2,4,12,MediumFast,190,Water1,Amorphous,20,6.7,13.3,73,1,0,0,0,0,0,SnakePokemon
423,Gastrodon,Gastrodon,4,Water,Ground,111,83,68,92,82,39,0.9,1,29.9,0,50,0,0.5,2,218,1,0,0,0,0,0,0,5,30,36,MediumFast,75,Water1,Amorphous,20,6.7,13.3,176,2,0,0,0,0,0,SnakePokemon
424,Ambipom,Ambipom,4,Normal,,75,100,66,60,66,115,1.2,1,20.3,0,100,0,0.5,2,94,1,0,0,0,0,0,0,7,32,38,Fast,45,Field,,20,6.7,13.3,186,0,0,0,0,0,2,BipedPokemonWithTail
425,Drifloon,Drifloon,4,Ghost,Flying,90,50,34,60,44,70,0.4,1,1.2,0,50,0,0.5,1,219,0,1,28,0,0,0,0,2,6,14,Fluctuating,125,Amorphous,,30,10,20,127,1,0,0,0,0,0,HeadPokemonWithArms
426,Drifblim,Drifblim,4,Ghost,Flying,150,80,44,90,54,80,1.2,1,15,0,50,0,0.5,2,219,1,0,0,0,0,0,0,6,30,36,Fluctuating,60,Amorphous,,30,10,20,204,2,0,0,0,0,0,HeadPokemonWithArms
427,Buneary,Buneary,4,Normal,,55,66,44,44,56,85,0.4,1,5.5,0,0,0,0.5,1,220,0,0,0,0,0,0,0,1,4,10,MediumFast,190,Field,HumanLike,20,6.7,13.3,84,0,0,0,0,0,1,BipedPokemonWithTail
428,Lopunny,Lopunny,4,Normal,,65,76,84,54,96,105,1.2,1,33.3,0,140,0,0.5,2,220,1,0,0,0,0,0,0,4,22,28,MediumFast,60,Field,HumanLike,20,6.7,13.3,178,0,0,0,0,0,2,BipedPokemonWithTail
429,Mismagius,Mismagius,4,Ghost,,60,60,60,105,105,105,0.9,1,4.4,0,35,0,0.5,2,99,1,0,0,0,0,0,0,6,32,38,Fast,45,Amorphous,,25,8.3,16.7,187,0,0,0,1,1,0,HeadPokemon
430,Honchkrow,Honchkrow,4,Dark,Flying,100,125,52,105,52,71,0.9,1,27.3,0,35,0,0.5,2,98,1,0,0,0,0,0,0,6,32,38,MediumSlow,30,Flying,,20,6.7,13.3,187,0,2,0,0,0,0,WingedPokemonWithBeak
431,Glameow,Glameow,4,Normal,,49,55,42,42,37,85,0.5,1,3.9,0,50,0,0.75,1,221,0,1,38,0,0,0,0,1,5,12,Fast,190,Field,,20,6.7,13.3,71,0,0,0,0,0,1,QuadrupedPokemonWithPaws
432,Purugly,Purugly,4,Normal,,71,82,64,64,59,112,1,1,43.8,0,50,0,0.75,2,221,1,0,0,0,0,0,0,4,38,42,Fast,75,Field,,20,6.7,13.3,183,0,0,0,0,0,2,QuadrupedPokemonWithPaws
433,Chingling,Chingling,4,Psychic,,45,30,50,65,50,45,0.2,1,0.6,0,50,0,0.5,1,185,0,0,0,1,0,0,0,3,2,5,Fast,120,Undiscovered,,25,8.3,16.7,74,0,0,0,1,0,0,BipedPokemon
434,Stunky,Stunky,4,Poison,Dark,63,63,47,41,41,74,0.4,1,19.2,0,50,0,0.5,1,222,0,1,34,0,0,0,0,1,5,12,MediumFast,225,Field,,20,6.7,13.3,79,0,0,0,0,0,1,QuadrupedPokemonWithPaws
435,Skuntank,Skuntank,4,Poison,Dark,103,93,67,71,61,84,1,1,38,0,50,0,0.5,2,222,1,0,0,0,0,0,0,4,34,40,MediumFast,60,Field,,20,6.7,13.3,209,2,0,0,0,0,0,QuadrupedPokemonWithPaws
436,Bronzor,Bronzor,4,Steel,Psychic,57,24,86,24,86,23,0.5,1,60.5,0,50,1,-1,1,223,0,1,33,0,0,0,1,4,20,20,MediumFast,255,Mineral,,20,6.7,13.3,72,0,0,1,0,0,0,HeadPokemon
437,Bronzong,Bronzong,4,Steel,Psychic,67,89,116,79,116,33,1.3,1,187,0,50,1,-1,2,223,1,0,0,0,0,0,1,6,35,40,MediumFast,90,Mineral,,20,6.7,13.3,188,0,0,1,0,1,0,HeadPokemonWithArms
438,Bonsly,Bonsly,4,Rock,,50,80,95,10,45,10,0.5,1,15,0,50,0,0.5,1,92,0,0,0,1,0,0,0,3,2,5,MediumFast,255,Undiscovered,,20,6.7,13.3,68,0,0,1,0,0,0,HeadPokemonWithLegs
439,Mime Jr.,MimeJr,4,Psychic,Fairy,20,25,45,70,90,60,0.6,1,13,0,50,0,0.5,1,57,0,0,0,1,0,0,0,3,2,5,MediumFast,145,Undiscovered,,25,8.3,16.7,78,0,0,0,0,1,0,BipedPokemon
440,Happiny,Happiny,4,Normal,,100,5,5,15,65,30,0.6,1,24.4,0,140,0,1,1,51,0,0,0,1,0,0,0,3,2,5,Fast,130,Undiscovered,,40,13.3,26.7,255,1,0,0,0,0,0,BipedPokemon
441,Chatot,Chatot,4,Normal,Flying,76,65,45,92,42,91,0.5,1,1.9,0,35,0,0.5,1,224,1,0,0,0,0,0,0,4,12,18,MediumSlow,30,Flying,,20,6.7,13.3,107,0,1,0,0,0,0,WingedPokemonWithBeak
442,Spiritomb,Spiritomb,4,Ghost,Dark,50,92,108,92,108,35,1,1,108,0,50,0,0.5,1,225,1,0,0,0,0,0,1,6,25,25,MediumFast,100,Amorphous,,30,10,20,168,0,0,1,0,1,0,HeadPokemonWithBody
443,Gible,Gible,4,Dragon,Ground,58,70,45,40,45,42,0.7,1,20.5,1,50,0,0.5,1,226,0,1,24,0,0,0,0,5,8,16,Slow,45,Monster,Dragon,40,13.3,26.7,67,0,1,0,0,0,0,BipedPokemonWithTail
444,Gabite,Gabite,4,Dragon,Ground,68,90,65,50,55,82,1.4,1,56,1,50,0,0.5,2,226,0,1,48,0,0,0,0,7,30,36,Slow,45,Monster,Dragon,40,13.3,26.7,144,0,2,0,0,0,0,BipedPokemonWithTail
445,Garchomp,Garchomp,4,Dragon,Ground,108,130,95,80,85,102,1.9,1,95,1,50,0,0.5,3,226,1,0,0,0,0,0,0,9,55,58,Slow,45,Monster,Dragon,40,13.3,26.7,218,0,3,0,0,0,0,BipedPokemonWithTail
446,Munchlax,Munchlax,4,Normal,,135,85,40,40,85,5,0.6,1,105,0,50,0,0.125,1,72,0,0,0,1,0,0,0,3,2,5,Slow,50,Undiscovered,,40,13.3,26.7,94,1,0,0,0,0,0,BipedPokemon
447,Riolu,Riolu,4,Fighting,,40,70,40,35,40,60,0.7,1,20.2,0,50,0,0.125,1,227,0,0,0,1,0,0,0,3,2,5,MediumSlow,75,Undiscovered,,25,8.3,16.7,72,0,1,0,0,0,0,BipedPokemonWithTail
448,Lucario,Lucario,4,Fighting,Steel,70,110,70,115,70,90,1.2,1,54,0,50,0,0.125,2,227,1,0,0,0,0,0,0,6,22,28,MediumSlow,45,Field,HumanLike,25,8.3,16.7,204,0,1,0,1,0,0,BipedPokemonWithTail
449,Hippopotas,Hippopotas,4,Ground,,68,72,78,38,42,32,0.8,1,49.5,1,50,0,0.5,1,228,0,1,34,0,0,0,0,2,6,12,Slow,140,Field,,30,10,20,95,0,0,1,0,0,0,QuadrupedPokemonWithPaws
450,Hippowdon,Hippowdon,4,Ground,,108,112,118,68,72,47,2,1,300,1,50,0,0.5,2,228,1,0,0,0,0,0,0,6,34,40,Slow,60,Field,,30,10,20,198,0,0,2,0,0,0,QuadrupedPokemonWithPaws
451,Skorupi,Skorupi,4,Poison,Bug,40,50,90,30,55,65,0.8,1,12,0,50,0,0.5,1,229,0,1,40,0,0,0,0,2,6,12,Slow,120,Bug,Water3,20,6.7,13.3,114,0,0,1,0,0,0,InsectPokemonWith4LegsAndClaws
452,Drapion,Drapion,4,Poison,Dark,70,90,110,60,75,95,1.3,1,61.5,0,50,0,0.5,2,229,1,0,0,0,0,0,0,6,40,45,Slow,45,Bug,Water3,20,6.7,13.3,204,0,0,2,0,0,0,InsectPokemonWith4LegsAndClaws
453,Croagunk,Croagunk,4,Poison,Fighting,48,61,40,61,40,50,0.7,1,23,0,100,0,0.5,1,230,0,1,37,0,0,0,0,2,6,12,MediumFast,140,HumanLike,,10,3.3,6.7,83,0,1,0,0,0,0,BipedPokemon
454,Toxicroak,Toxicroak,4,Poison,Fighting,83,106,65,86,65,85,1.3,1,44.4,0,50,0,0.5,2,230,1,0,0,0,0,0,0,6,37,42,MediumFast,75,HumanLike,,20,6.7,13.3,181,0,2,0,0,0,0,BipedPokemon
455,Carnivine,Carnivine,4,Grass,,74,100,72,90,72,46,1.4,1,27,0,50,0,0.5,1,231,1,0,0,0,0,0,0,4,22,28,Slow,200,Grass,,25,8.3,16.7,164,0,2,0,0,0,0,TentaclePokemon
456,Finneon,Finneon,4,Water,,49,49,56,49,61,66,0.4,1,7,0,50,0,0.5,1,232,0,1,31,0,0,0,0,2,5,12,Erratic,190,Water2,,20,6.7,13.3,90,0,0,0,0,0,1,FishPokemonWithPectoralCaudalDorsalFins
457,Lumineon,Lumineon,4,Water,,69,69,76,69,86,91,1.2,1,24,0,50,0,0.5,2,232,1,0,0,0,0,0,0,5,32,36,Erratic,75,Water2,,20,6.7,13.3,156,0,0,0,0,0,2,FishPokemonWithPectoralCaudalDorsalFins
458,Mantyke,Mantyke,4,Water,Flying,45,20,50,60,120,50,1,1,65,0,50,0,0.5,1,117,0,0,0,1,0,0,0,3,2,5,Slow,25,Undiscovered,,25,8.3,16.7,108,0,0,0,0,1,0,WingedPokemonWithJaw
459,Snover,Snover,4,Grass,Ice,60,62,50,62,60,40,1,1,50.5,0,50,0,0.5,1,233,0,1,40,0,0,0,0,2,6,12,Slow,120,Monster,Grass,20,6.7,13.3,131,0,1,0,0,0,0,BipedPokemonWithTail
460,Abomasnow,Abomasnow,4,Grass,Ice,90,92,75,92,85,60,2.2,1,135.5,0,50,0,0.5,2,233,1,0,0,0,0,0,0,6,40,45,Slow,60,Monster,Grass,20,6.7,13.3,214,0,1,0,1,0,0,BipedPokemonWithTail
461,Weavile,Weavile,4,Dark,Ice,70,120,65,45,85,125,1.1,1,34,0,35,0,0.5,2,110,1,0,0,0,0,0,0,7,28,34,MediumSlow,45,Field,,20,6.7,13.3,199,0,1,0,0,0,1,BipedPokemonWithTail
462,Magnezone,Magnezone,4,Electric,Steel,70,70,115,130,90,60,1.2,1,180,0,50,1,-1,3,34,1,0,0,0,0,0,0,7,40,45,MediumFast,30,Mineral,,20,6.7,13.3,211,0,0,0,3,0,0,HeadPokemonWithArms
463,Lickilicky,Lickilicky,4,Normal,,110,85,95,80,95,50,1.7,1,140,0,50,0,0.5,2,48,1,0,0,0,0,0,0,7,35,40,MediumFast,30,Monster,,20,6.7,13.3,193,3,0,0,0,0,0,BipedPokemon
464,Rhyperior,Rhyperior,4,Ground,Rock,115,140,130,55,55,40,2.4,1,282.8,0,50,0,0.5,3,50,1,0,0,0,0,0,0,8,50,55,Slow,30,Monster,Field,20,6.7,13.3,217,0,3,0,0,0,0,BipedPokemonWithTail
465,Tangrowth,Tangrowth,4,Grass,,100,100,125,110,50,50,2,1,128.6,0,50,0,0.5,2,52,1,0,0,0,0,0,0,7,35,40,MediumFast,30,Grass,,20,6.7,13.3,211,0,0,2,0,0,0,BipedPokemon
466,Electivire,Electivire,4,Electric,,75,123,67,95,85,95,1.8,1,138.6,0,50,0,0.25,3,60,1,0,0,0,0,0,0,7,45,50,MediumFast,30,HumanLike,,25,8.3,16.7,199,0,3,0,0,0,0,BipedPokemonWithTail
467,Magmortar,Magmortar,4,Fire,,75,95,67,125,95,83,1.6,1,68,0,50,0,0.25,3,61,1,0,0,0,0,0,0,7,45,50,MediumFast,30,HumanLike,,25,8.3,16.7,199,0,0,0,3,0,0,BipedPokemonWithTail
468,Togekiss,Togekiss,4,Fairy,Flying,85,50,95,120,115,80,1.5,1,38,0,50,0,0.125,3,88,1,0,0,0,0,0,0,8,32,38,Fast,30,Flying,Fairy,10,3.3,6.7,220,0,0,0,2,1,0,WingedPokemonWithJaw
469,Yanmega,Yanmega,4,Bug,Flying,86,76,86,116,56,95,1.9,1,51.5,0,50,0,0.5,2,96,1,0,0,0,0,0,0,7,40,45,MediumFast,30,Bug,,20,6.7,13.3,198,0,2,0,0,0,0,InsectPokemonWithWingsAndLegs
470,Leafeon,Leafeon,4,Grass,,65,110,130,60,65,95,1,1,25.5,0,35,0,0.125,2,67,1,0,0,0,0,0,0,7,26,34,MediumFast,45,Field,,35,11.7,23.3,196,0,0,2,0,0,0,QuadrupedPokemonWithPaws
471,Glaceon,Glaceon,4,Ice,,65,60,110,130,95,65,0.8,1,25.9,0,35,0,0.125,2,67,1,0,0,0,0,0,0,7,26,34,MediumFast,45,Field,,35,11.7,23.3,196,0,0,0,2,0,0,QuadrupedPokemonWithPaws
472,Gliscor,Gliscor,4,Ground,Flying,75,95,125,45,75,95,2,1,42.5,0,50,0,0.5,2,105,1,0,0,0,0,0,0,7,40,45,MediumSlow,30,Bug,,20,6.7,13.3,192,0,0,2,0,0,0,WingedPokemonWithJaw
473,Mamoswine,Mamoswine,4,Ice,Ground,110,130,80,70,60,80,2.5,1,291,0,50,0,0.5,3,113,1,0,0,0,0,0,0,7,40,45,Slow,50,Field,,20,6.7,13.3,207,0,3,0,0,0,0,QuadrupedPokemonWithPaws
474,Porygon-Z,PorygonZ,4,Normal,,85,80,70,135,75,90,0.9,1,34,0,50,1,-1,3,68,1,0,0,0,0,0,1,8,20,20,MediumFast,30,Mineral,,20,6.7,13.3,185,0,0,0,3,0,0,HeadPokemonWithArms
475,Gallade,Gallade,4,Psychic,Fighting,68,125,65,65,115,80,1.6,1,52,0,35,0,0,3,141,1,0,0,0,0,0,0,8,34,40,Slow,45,HumanLike,Amorphous,20,6.7,13.3,208,0,3,0,0,0,0,BipedPokemon
476,Probopass,Probopass,4,Rock,Steel,60,55,145,75,150,40,1.4,1,340,0,50,0,0.5,2,148,1,0,0,0,0,0,0,7,40,45,MediumFast,60,Mineral,,20,6.7,13.3,198,0,0,1,0,2,0,HeadPokemonWithArms
477,Dusknoir,Dusknoir,4,Ghost,,45,100,135,65,135,45,2.2,1,106.6,0,35,0,0.5,3,183,1,0,0,0,0,0,0,7,45,50,Fast,45,Amorphous,,25,8.3,16.7,210,0,0,1,0,2,0,HeadPokemonWithArms
478,Froslass,Froslass,4,Ice,Ghost,70,80,70,80,70,110,1.3,1,26.6,0,50,0,1,2,187,1,0,0,0,0,0,0,7,42,48,MediumFast,75,Fairy,Mineral,20,6.7,13.3,187,0,0,0,0,0,2,HeadPokemonWithArms
479,Rotom,Rotom,4,Electric,Ghost,50,50,77,95,77,91,0.3,1,0.3,0,50,1,-1,1,234,1,0,0,0,0,0,1,4,20,20,MediumFast,45,Amorphous,,20,6.7,13.3,132,0,0,0,1,0,1,HeadPokemon
480,Uxie,Uxie,4,Psychic,,75,75,130,75,130,95,0.3,1,0.3,0,140,1,-1,1,235,1,0,0,0,0,1,0,10,50,50,Slow,3,Undiscovered,,80,26.7,53.3,210,0,0,2,0,1,0,BipedPokemonWithTail
481,Mesprit,Mesprit,4,Psychic,,80,105,105,105,105,80,0.3,1,0.3,0,140,1,-1,1,236,1,0,0,0,0,1,0,10,50,50,Slow,3,Undiscovered,,80,26.7,53.3,210,0,1,0,1,1,0,BipedPokemonWithTail
482,Azelf,Azelf,4,Psychic,,75,125,70,125,70,115,0.3,1,0.3,0,140,1,-1,1,237,1,0,0,0,0,1,0,10,50,50,Slow,3,Undiscovered,,80,26.7,53.3,210,0,2,0,1,0,0,BipedPokemonWithTail
483,Dialga,Dialga,4,Steel,Dragon,100,120,120,150,100,90,5.4,2,683,0,0,1,-1,1,238,1,0,0,0,0,1,0,10,70,70,Slow,3,Undiscovered,,120,40,80,220,0,0,0,3,0,0,QuadrupedPokemonWithPaws
484,Palkia,Palkia,4,Water,Dragon,90,120,100,150,120,100,4.2,2,336,0,0,1,-1,1,239,1,0,0,0,0,1,0,10,70,70,Slow,3,Undiscovered,,120,40,80,220,0,0,0,3,0,0,BipedPokemonWithTail
485,Heatran,Heatran,4,Fire,Steel,91,90,106,130,106,77,1.7,1,430,0,100,0,0.5,1,240,1,0,0,0,0,1,0,10,50,50,Slow,3,Undiscovered,,10,3.3,6.7,215,0,0,0,3,0,0,QuadrupedPokemonWithPaws
486,Regigigas,Regigigas,4,Normal,,110,160,110,80,110,100,3.7,2,420,0,0,1,-1,1,241,1,0,0,0,0,1,0,10,70,70,Slow,3,Undiscovered,,120,40,80,220,0,3,0,0,0,0,BipedPokemon
487,Giratina,Giratina,4,Ghost,Dragon,150,100,120,100,120,90,4.5,2,750,0,0,1,-1,1,242,1,0,0,0,0,1,0,10,80,80,Slow,3,Undiscovered,,120,40,80,220,3,0,0,0,0,0,QuadrupedPokemonWithPawsAndTail
488,Cresselia,Cresselia,4,Psychic,,120,70,120,75,130,85,1.5,1,85.6,0,100,0,1,1,243,1,0,0,0,0,1,0,10,50,50,Slow,3,Undiscovered,,120,40,80,210,0,0,0,0,3,0,SnakePokemon
489,Phione,Phione,4,Water,,80,80,80,80,80,80,0.4,1,3.1,0,50,1,-1,1,244,1,0,0,0,0,1,0,10,30,30,Slow,30,Water1,Fairy,40,13.3,26.7,165,1,0,0,0,0,0,HeadPokemonWithArms
490,Manaphy,Manaphy,4,Water,,100,100,100,100,100,100,0.3,1,1.4,0,50,1,-1,1,245,1,0,0,0,0,1,0,10,30,30,Slow,3,Water1,Fairy,40,13.3,26.7,215,3,0,0,0,0,0,BipedPokemon
491,Darkrai,Darkrai,4,Dark,,70,90,90,135,90,125,1.5,1,50.5,0,0,1,-1,1,246,1,0,0,0,0,1,0,10,50,50,Slow,3,Undiscovered,,120,40,80,210,0,0,0,2,0,1,BipedPokemon
492,Shaymin,Shaymin,4,Grass,,100,100,100,100,100,100,0.2,1,2.1,0,100,1,-1,1,247,1,0,0,0,0,1,0,10,30,30,MediumSlow,45,Undiscovered,,120,40,80,64,3,0,0,0,0,0,QuadrupedPokemonWithPaws
493,Arceus,Arceus,4,Normal,,120,120,120,120,120,120,3.2,2,320,0,0,1,-1,1,248,1,0,0,0,0,1,0,10,90,90,Slow,3,Undiscovered,,120,40,80,255,3,0,0,0,0,0,QuadrupedPokemonWithHoovesAndTail
